track_id,length,popularity,acousticness,danceability,energy,instrumentalness,liveness,loudness,speechiness,tempo,time_signature,favorite
0BQW5N0eR3GAJtMBwScrl7,235213,17,0.762,0.751,0.387,0.853,0.105,-11.283,0.113,84.025,4,0
5nIAEnPy07UOs72COO9Imt,149052,19,0.244,0.624,0.508,0.872,0.395,-3.748,0.224,95.283,4,0
1v164PYfudygCnpDqhMahV,230117,34,0.166,0.673,0.435,0.0448,0.0467,-14.09,0.0704,85.055,4,0
3f9Mzvd3URfbbIJBX4pz9Z,146826,75,0.239,0.884,0.539,0.0,0.0805,-6.389,0.208,85.008,4,0
6w2WWyBAOXQeP6waVT9s5O,202360,47,0.146,0.533,0.622,0.114,0.118,-5.77,0.072,99.93,4,0
71ySrfAppuaI2p873viZJl,149153,29,0.284,0.64,0.626,0.0,0.178,-8.674,0.216,98.01,4,0
4p8Hbw6wPv0u0w7LFj8n78,154932,51,0.157,0.843,0.406,0.543,0.248,-7.073,0.124,93.026,4,0
54I1dC6Ux5I4h7U44DmjgK,180705,46,0.0876,0.724,0.432,3.22e-05,0.0828,-9.945,0.203,84.992,4,0
1LeWbMBUT2sr141p8sJZro,187562,40,0.463,0.507,0.774,0.00125,0.281,-5.326,0.113,138.117,5,0
7ycZN2o5PMNuTkUg2Q73wN,178742,46,0.0872,0.73,0.555,0.000492,0.143,-7.874,0.106,100.007,4,0
75DQsEq5OU4QkQFOVIFk4C,204896,17,0.837,0.43,0.287,0.0305,0.115,-13.719,0.211,207.585,4,0
0cj7s0kGaVmFPWP898eTbx,202434,42,0.19,0.801,0.664,0.779,0.0697,-9.627,0.0422,114.986,4,0
7xAE36UUNgyDJDIM4yiucY,268087,71,0.214,0.866,0.679,4.8e-06,0.101,-6.74,0.388,115.015,4,0
319xYgRF9JFpGLTtiCDhC7,194594,60,0.0194,0.825,0.738,0.0,0.294,-5.612,0.166,110.906,4,0
3KrVFrFJbPhdjfmc8EmBVa,413000,22,0.0608,0.74,0.703,0.821,0.307,-7.055,0.0807,99.961,4,0
2NxhengOMMBHTiayIlrYB7,284898,18,0.0122,0.648,0.616,0.0269,0.0902,-8.148,0.0341,106.023,4,0
1ePHqUkosKq7ZgQMz655Cw,200940,41,0.69,0.714,0.482,2.01e-05,0.266,-6.884,0.0736,97.044,4,0
0dFdGPVLs3k0z9ezYWZzUa,207840,75,0.0167,0.738,0.75,0.00976,0.174,-3.654,0.219,112.009,4,0
1lFz7QPoxqBdUV4iugS3MX,186436,40,0.14,0.663,0.42,0.0161,0.111,-11.616,0.0455,122.026,4,0
7vBEx9HgiEJDMwougw5bsa,230958,56,0.722,0.447,0.715,0.000145,0.128,-6.616,0.495,98.015,4,0
5qcwzdhDQjHjmu12gOLjY0,310597,53,0.526,0.808,0.657,0.00444,0.075,-6.67,0.298,88.932,4,0
328rLNs6WQPOlFSPpIUy7E,239767,57,0.14,0.871,0.397,0.0196,0.0681,-7.872,0.394,88.167,4,0
6RQ0i7rApnnWSI8uEiGVVF,228990,66,0.136,0.43,0.592,0.0905,0.112,-7.55,0.15,54.585,4,0
4SBVWkRIMJ6WBCYPvr5Bwr,219332,66,0.0112,0.676,0.56,0.00403,0.137,-6.024,0.0643,178.555,4,0
5jATtrFA8ToejRtQqoS5fi,198832,46,0.316,0.437,0.379,0.553,0.0986,-13.439,0.341,172.929,4,0
5GjisoOfsN8qagrax01T4y,267400,51,0.0674,0.875,0.41,0.0374,0.106,-6.29,0.0571,87.999,4,0
1zwZ26A7OA5wTrA3FejCLL,213991,67,0.0813,0.827,0.705,0.00556,0.102,-6.756,0.0429,113.006,4,0
5tkR9JkBj3Ueeo8W4k8IZD,188053,64,0.598,0.818,0.461,0.000135,0.108,-6.475,0.292,88.006,4,0
07hRkwrgPOZwugVBna4JTv,175767,45,0.423,0.46,0.378,0.000731,0.104,-10.1,0.0708,76.408,4,0
0Lgk4pD3Y0iE9w2xDilhjj,285669,49,0.728,0.405,0.456,0.6,0.375,-9.498,0.157,87.721,4,0
5MChi9fdCbTIWDJPPUuuW6,276785,64,0.0684,0.944,0.514,0.00209,0.103,-7.895,0.195,120.004,4,0
19FcrKMpCp4bZOxcPkTMsZ,144000,49,0.851,0.666,0.42,0.534,0.11,-6.699,0.0829,133.015,5,0
4jFkHxFXHC0mJVZm7QwK6C,194434,42,0.553,0.568,0.463,0.00114,0.0858,-10.622,0.262,157.686,4,0
0MURF0yjHOChxkrlUrLQWk,134000,40,0.456,0.66,0.689,0.000381,0.0886,-5.063,0.151,194.056,4,0
26AI33STXsKwtuV9hmzDPG,179852,47,0.367,0.543,0.739,0.199,0.121,-6.008,0.0623,199.974,4,0
5g6uznSOJ446jA1UZ76D69,287901,19,0.22,0.671,0.873,0.338,0.0932,-6.915,0.0583,114.937,4,0
7BBPfDLjooHAEAQiIOz8HI,236170,31,0.024,0.753,0.747,0.0388,0.176,-8.66,0.0523,125.012,4,0
3JpoM324kjnJDrjCXTFiqP,346310,21,0.00227,0.841,0.535,0.237,0.0943,-9.137,0.067,123.025,4,0
4dAJrbncWn7odU6KKwkZGV,212623,42,0.0242,0.66,0.618,1.33e-06,0.121,-7.632,0.149,102.657,4,0
3PFaFVWq5wucLu6s4baj9D,415613,69,0.536,0.568,0.42,0.124,0.101,-11.169,0.276,79.89,4,0
67sHZvyNVEP6JIpiCJznsZ,225296,41,0.61,0.623,0.475,0.00264,0.265,-10.06,0.0735,145.027,4,0
1AQtWYUKvPw5wYThfi5Uyo,186647,37,0.0371,0.883,0.385,0.000223,0.284,-13.965,0.252,120.94,4,0
4IOYk6epkzXT38U4ShauZ6,177855,57,0.263,0.718,0.403,1.56e-06,0.228,-11.064,0.205,129.582,4,0
1Z6u99PTG9w2t4mcIGoqqS,234239,53,0.285,0.648,0.559,0.103,0.116,-8.424,0.128,113.054,4,0
1MD2yGSeBRALkMui1fZ05P,228061,60,0.884,0.854,0.631,0.00999,0.202,-8.197,0.0452,119.986,4,0
60y3oBiHHIlOzUFZRWP6Ak,240757,55,0.00113,0.808,0.805,0.0585,0.193,-3.392,0.103,107.965,4,0
7tk9ZylxkJReNIavPPhqzj,231176,42,0.329,0.796,0.786,2.88e-06,0.102,-5.702,0.049,101.996,4,0
7blHE1ssculA05pENkKaoZ,151486,46,0.0202,0.92,0.605,0.00441,0.147,-6.873,0.19,97.005,4,0
3z7BTaXr5U273eXviBVcuy,147100,35,0.538,0.73,0.599,0.00774,0.153,-5.764,0.127,92.035,4,0
1RHFgbaMxkM3dVYHBrg7Me,192000,52,0.857,0.789,0.617,0.0248,0.111,-6.007,0.0934,90.082,4,0
1VFr2wpUYKHrB0my1myhTJ,193893,31,0.59,0.729,0.53,1.01e-06,0.0825,-6.644,0.133,106.795,4,0
03JO5cdd662kYtWibDsFg8,202500,38,0.224,0.772,0.584,0.00287,0.0904,-6.179,0.102,95.951,4,0
70kcyUtKiW35JxLa1hnwSJ,197326,34,0.664,0.726,0.348,0.000245,0.164,-7.737,0.13,102.013,4,0
4juCGGRuzfvZGlu1D2FvzJ,166635,19,0.0377,0.639,0.713,0.00404,0.148,-3.837,0.0716,188.127,4,0
319xYgRF9JFpGLTtiCDhC7,194594,60,0.0194,0.825,0.738,0.0,0.294,-5.612,0.166,110.906,4,0
42KrZrk0IG0zFPzVkRNqh0,172000,61,0.716,0.536,0.51,1.2e-05,0.0964,-8.809,0.152,159.965,4,0
5EIVA0ZDr605FzZpnskzBc,245874,49,0.416,0.821,0.38,2.53e-05,0.0952,-7.989,0.0502,95.004,4,0
1ePHqUkosKq7ZgQMz655Cw,200940,41,0.69,0.714,0.482,2.01e-05,0.266,-6.884,0.0736,97.044,4,0
5NT67c2bpzilrBSc73JEoc,165333,48,0.578,0.924,0.579,0.000808,0.0859,-8.115,0.429,120.055,3,0
2xevjnP2BeD0EdqpkrDHZT,191555,32,0.18,0.75,0.739,0.000474,0.129,-7.039,0.229,104.007,4,0
19FcrKMpCp4bZOxcPkTMsZ,144000,49,0.851,0.666,0.42,0.534,0.11,-6.699,0.0829,133.015,5,0
6gHUiXF4BiJ9d7biTNmdKR,161684,62,0.307,0.607,0.586,1.51e-06,0.287,-5.698,0.15,126.715,5,0
6AxDznMdamFBbRw8LAGWQd,192428,42,0.185,0.815,0.767,0.00675,0.109,-5.011,0.135,140.009,4,0
4e0nFC5a95gFWJUzrQ8ggy,170217,48,0.649,0.67,0.614,0.00579,0.119,-7.623,0.3,183.851,4,0
6l5WDlZzjAXWEA47969TXI,298997,53,0.00167,0.863,0.449,0.0235,0.0585,-12.521,0.0622,112.043,4,0
5JayOLFuofunaBCIjissQL,194586,39,0.153,0.583,0.776,1.08e-06,0.136,-5.102,0.121,193.936,4,0
26AI33STXsKwtuV9hmzDPG,179852,47,0.367,0.543,0.739,0.199,0.121,-6.008,0.0623,199.974,4,0
0BVaNH5prNNveWy81VIC6S,243367,44,0.0544,0.89,0.758,0.00454,0.123,-7.987,0.23,143.97,4,0
5lF0OJHp09PfZofnC9ZrBH,161828,47,0.555,0.561,0.307,0.00663,0.127,-13.394,0.283,95.035,4,0
2PyJgiGTC2jhNkqtPBwHsv,143569,43,0.714,0.603,0.433,0.0407,0.105,-5.935,0.338,63.545,5,0
3teVlSIOsmB9HYbOHqAKRV,197327,37,0.394,0.698,0.609,0.00292,0.678,-5.658,0.208,79.028,4,0
1wfIqsTXmMVtZxYk8uWxGa,164571,62,0.23,0.726,0.71,0.302,0.0922,-8.316,0.191,104.83,4,0
3owm3LW9jSaF0UjULZvGJw,255157,49,0.454,0.79,0.631,9.07e-05,0.167,-8.557,0.25,95.005,4,0
3hr4lwTXMCFKIH5KOSoXQ5,215700,44,0.497,0.856,0.649,0.00191,0.17,-4.679,0.213,99.969,4,0
6MzjLOHzkqoi7667ysz41k,156454,49,0.358,0.85,0.645,1.12e-05,0.09,-6.302,0.0611,104.022,4,0
6VeC3aMLLOoSIR4UZ0d0hc,241081,29,0.129,0.776,0.57,0.000411,0.113,-9.454,0.298,143.992,4,0
6rB1KkvMlXl5hPB7EbTWw5,146447,47,0.086,0.733,0.757,0.000596,0.096,-5.141,0.114,192.001,4,0
7Moq2DLFyS8e1IVl35nAR3,176400,18,0.421,0.584,0.762,0.609,0.0871,-7.289,0.101,199.988,4,0
0MURF0yjHOChxkrlUrLQWk,134000,40,0.456,0.66,0.689,0.000381,0.0886,-5.063,0.151,194.056,4,0
2PKRz9DR6lUX6zAJgW5aRV,174500,48,0.499,0.629,0.821,0.0,0.411,-3.4,0.17,63.59,5,0
3RUQ8Lu7yR9FXUkwKTDJKA,229714,42,0.0438,0.802,0.442,0.0,0.12,-13.269,0.129,139.947,4,0
5qaUDvqjsI6lnrtEhQqMle,201636,50,0.151,0.758,0.601,0.00809,0.169,-7.042,0.141,126.03,4,0
11RIJRbBfyLlJut96itSFd,199521,68,0.345,0.836,0.614,9.86e-05,0.088,-4.543,0.311,101.97,4,0
6vdhXHNT6yKhheq7pxw68E,192309,39,0.563,0.89,0.536,0.000859,0.622,-4.794,0.123,95.02,4,0
0D89NuvkYKIgKTnMGQwPUy,222315,34,0.576,0.813,0.353,0.779,0.102,-10.626,0.0931,126.604,5,0
5SyomyWqCVD0UrdEh2IhN9,169959,33,0.735,0.854,0.771,0.155,0.0785,-6.567,0.191,103.051,4,0
2OJAJkXXfuNHLElpkteLCk,225865,35,0.267,0.834,0.504,0.000534,0.119,-8.671,0.0886,100.011,4,0
05vU0jW7ZkWiPShxlM0OU7,256365,45,0.0558,0.493,0.519,0.000137,0.105,-6.35,0.0512,109.637,5,0
75M9fg6c4JgX96bele7FMk,224516,25,0.343,0.775,0.683,0.00016,0.525,-5.149,0.0405,93.013,4,0
6CJD4LDNULzE645JA2XHpx,179775,54,0.202,0.923,0.666,0.00414,0.105,-4.97,0.0609,110.011,4,0
1FgJkHwXlg6pzYdueugvzB,154959,44,0.693,0.796,0.384,0.0,0.1,-10.201,0.237,95.669,4,0
19l8i6cV0tUIn3ON8duR4r,201599,43,0.529,0.739,0.637,5.37e-05,0.172,-6.545,0.26,99.861,4,0
71ySrfAppuaI2p873viZJl,149153,29,0.284,0.64,0.626,0.0,0.178,-8.674,0.216,98.01,4,0
0imwtLGiD7fCyWq7SpslPl,180000,54,0.789,0.778,0.413,0.000158,0.106,-7.579,0.0433,96.056,4,0
3Xfwu3xtPqmJ4nM4jpBm8O,169411,71,0.528,0.712,0.497,2.65e-05,0.125,-8.106,0.431,128.385,5,0
4eaQ1J85a7FE4zjmeWLpUI,142104,40,0.376,0.75,0.502,0.245,0.132,-5.202,0.19,195.957,4,0
3QO1m6i0nsrp8aOnapvbkx,262973,64,0.0864,0.612,0.651,0.0,0.368,-6.974,0.281,90.272,4,0
0l854Wl0jJ1jzcFdrgDj9B,209126,31,0.109,0.949,0.621,0.000573,0.231,-5.834,0.13,102.985,4,0
6BtXtwOOy9CfpdlClUscJv,189106,30,0.0127,0.864,0.876,1.74e-05,0.0749,-2.418,0.0646,104.0,4,0
7jrfqHvcRvJluOlCGJU54G,188307,54,0.143,0.829,0.433,0.00252,0.13,-11.828,0.174,130.051,4,0
0B3FovCVaGKS5w1FTidEUP,248472,65,0.049,0.603,0.602,0.0,0.279,-7.083,0.23,119.703,5,0
7dhiGKBm2pYVLAW4QF1z1E,174399,35,0.134,0.859,0.768,0.00218,0.103,-8.367,0.255,127.984,4,0
3hr4lwTXMCFKIH5KOSoXQ5,215700,44,0.497,0.856,0.649,0.00191,0.17,-4.679,0.213,99.969,4,0
3teVlSIOsmB9HYbOHqAKRV,197327,37,0.394,0.698,0.609,0.00292,0.678,-5.658,0.208,79.028,4,0
7uNhQWkpAerkfGoqWCtfNK,172427,45,0.691,0.772,0.411,0.000171,0.198,-12.3,0.0622,103.022,4,0
6vV819M5EoHUM9NGNIi7QV,171180,30,0.247,0.797,0.661,0.0127,0.164,-7.167,0.172,108.075,4,0
6l5WDlZzjAXWEA47969TXI,298997,53,0.00167,0.863,0.449,0.0235,0.0585,-12.521,0.0622,112.043,4,0
0y7JsPpdF6D75aHOZK998j,191191,47,0.0411,0.913,0.642,0.0451,0.106,-6.541,0.0584,117.943,4,0
4VJ1lumYKZpfOytM15dkE8,190819,41,0.159,0.542,0.723,3.02e-05,0.102,-7.61,0.161,152.09,5,0
6gHUiXF4BiJ9d7biTNmdKR,161684,62,0.307,0.607,0.586,1.51e-06,0.287,-5.698,0.15,126.715,5,0
7hXYBAMe5r7AyRcmOjSN2Z,226290,40,0.3,0.799,0.476,0.0,0.101,-10.613,0.222,139.952,4,0
5EVEYkrTzqm3Q4ZVXXL02n,208758,55,0.0813,0.783,0.809,0.00358,0.109,-5.689,0.0668,101.043,4,0
0ibShYbjMMERrW91r5VyoT,217733,54,0.324,0.75,0.492,0.000139,0.232,-6.65,0.258,98.173,4,0
0GScClMG7w5PZ4XCB5ViNu,165981,57,0.0902,0.879,0.409,0.0,0.112,-13.801,0.161,99.991,4,0
5cn8rUjix0GZj4Tkh9TTJZ,169230,37,0.176,0.834,0.558,1.67e-05,0.0879,-8.274,0.166,116.977,4,0
1Gce7Qszn5eMZRVGF8nPyF,194987,42,0.52,0.912,0.588,0.0402,0.215,-9.555,0.2,95.015,4,0
4sCCgLTynVgwC5kwEOW1J4,173635,59,0.394,0.869,0.413,0.154,0.0816,-9.105,0.0604,112.013,4,0
6CJD4LDNULzE645JA2XHpx,179775,54,0.202,0.923,0.666,0.00414,0.105,-4.97,0.0609,110.011,4,0
6K8SmtE4jbK0E0MHOzWIIs,130946,46,0.0729,0.772,0.681,0.0,0.348,-7.666,0.365,67.451,4,0
3QO1m6i0nsrp8aOnapvbkx,262973,64,0.0864,0.612,0.651,0.0,0.368,-6.974,0.281,90.272,4,0
4QjNqkWP7iGoXVB0MvJfLm,176106,31,0.443,0.822,0.734,0.421,0.188,-5.424,0.11,112.344,4,0
6MzjLOHzkqoi7667ysz41k,156454,49,0.358,0.85,0.645,1.12e-05,0.09,-6.302,0.0611,104.022,4,0
6BtXtwOOy9CfpdlClUscJv,189106,30,0.0127,0.864,0.876,1.74e-05,0.0749,-2.418,0.0646,104.0,4,0
5EIVA0ZDr605FzZpnskzBc,245874,49,0.416,0.821,0.38,2.53e-05,0.0952,-7.989,0.0502,95.004,4,0
558ULLj8yY2vT8XGtgY0q9,194000,60,0.0733,0.937,0.797,0.000835,0.147,-4.768,0.206,120.001,4,0
5SyomyWqCVD0UrdEh2IhN9,169959,33,0.735,0.854,0.771,0.155,0.0785,-6.567,0.191,103.051,4,0
11RIJRbBfyLlJut96itSFd,199521,68,0.345,0.836,0.614,9.86e-05,0.088,-4.543,0.311,101.97,4,0
5OIn7xqzMLMnVzhnAQh8Vo,163480,36,0.318,0.839,0.65,0.455,0.0726,-6.399,0.118,100.021,4,0
39Gszviht3Apl2z2LeT5WK,176013,39,0.651,0.679,0.452,0.0,0.151,-7.668,0.219,88.007,4,0
1QPIsbNZiuDv9NBjvkZYNU,231026,49,0.222,0.692,0.677,0.00106,0.0975,-5.792,0.302,101.637,4,0
4bvwjCHTffafw9tWikB2Jn,185993,38,0.686,0.707,0.495,0.000213,0.0611,-9.805,0.138,191.889,4,0
1yEO37hXfLyKY6WvcciTks,226786,26,0.224,0.81,0.673,0.00109,0.112,-6.612,0.207,103.066,4,0
4Dech2aFB9vMxRFF4rJAM1,237784,57,0.0343,0.593,0.701,0.0,0.0841,-4.587,0.32,134.814,5,0
6ZEXpYYjKX33hXjeZK0sNH,211301,45,0.454,0.758,0.755,0.000207,0.0788,-5.631,0.108,92.022,4,0
2Jy4EdqIZswDZvVDh5dx3A,234026,62,0.173,0.561,0.722,4.86e-05,0.175,-6.437,0.068,103.099,4,0
0UYJi0cElsrmNF4iaa1MgM,238911,50,0.115,0.84,0.687,2.2e-06,0.115,-7.203,0.1,113.038,4,0
0LFDKqXO5cxL5HNKjcC2Pw,217533,42,0.225,0.876,0.566,4.38e-06,0.102,-8.95,0.198,100.05,4,0
1JseAs562lQva7llJ0bibp,209235,47,0.0367,0.691,0.688,0.0,0.0736,-7.698,0.387,101.275,4,0
6eHqU8ntHGzddACoxlfDX0,198678,60,0.0548,0.735,0.761,1.78e-06,0.0482,-4.219,0.0496,94.025,4,0
5FG7Tl93LdH117jEKYl3Cm,248040,76,0.0266,0.849,0.707,8.58e-06,0.618,-6.002,0.113,104.027,4,0
0u3gigxw11WMwQryCLnXi2,148000,47,0.0149,0.76,0.794,0.339,0.12,-7.095,0.0783,111.011,4,0
35056uy2b4M1qJ3Z1ed3sf,185454,68,0.077,0.711,0.679,1.42e-05,0.142,-6.261,0.108,109.971,4,0
5HKFXkUZGiYknm8fhFkpPE,205892,41,0.134,0.567,0.577,0.000397,0.145,-7.833,0.134,200.008,5,0
6iC4xfqow6iAsRhPh5IrWz,213599,60,0.625,0.755,0.645,5.79e-06,0.197,-6.933,0.0944,99.889,4,0
17aDzWS0KU09MVWtagw2FI,191333,52,0.0212,0.754,0.596,0.00191,0.274,-5.54,0.345,199.986,4,0
46DmSUU9rCEhjLv2sVMN8U,148834,17,0.0999,0.841,0.595,0.00131,0.0743,-6.104,0.187,104.974,4,0
51mLQ3w7yR7vjdSTFLWaY5,196146,70,0.103,0.545,0.749,0.0,0.232,-6.621,0.153,100.503,4,0
601WxmzITFziMCk3iuNps7,145048,53,0.419,0.837,0.743,9.77e-05,0.103,-5.014,0.0505,102.996,4,0
5DCoLPjn4bBNmf41iVG5Vh,170501,42,0.225,0.711,0.619,0.00584,0.0996,-10.797,0.0564,107.033,4,0
0LFDKqXO5cxL5HNKjcC2Pw,217533,42,0.225,0.876,0.566,4.38e-06,0.102,-8.95,0.198,100.05,4,0
0D3bX53KP5VsPWLjCOU2fA,218680,60,0.301,0.752,0.583,0.0,0.0871,-5.994,0.372,92.599,4,0
1z9NdleGpS9bTf0mUBVQn5,154887,13,0.213,0.64,0.822,5.75e-06,0.13,-4.982,0.417,128.679,4,0
7jrfqHvcRvJluOlCGJU54G,188307,54,0.143,0.829,0.433,0.00252,0.13,-11.828,0.174,130.051,4,0
2d7foPk9CgoWvfbLNtnjRG,262874,39,0.41,0.64,0.614,2.63e-05,0.107,-7.497,0.14,89.729,4,0
22bFpKj7SJiBa8wOScCABk,210285,35,0.00976,0.692,0.521,0.00728,0.179,-10.978,0.055,104.98,4,0
025a1cjjfj5YZ5sSMCLkXG,139428,24,0.0582,0.722,0.487,0.000452,0.0968,-7.385,0.328,132.743,5,0
5sICnSGfWkwVmIeD9WZ2Jk,136626,31,0.18,0.634,0.529,1.63e-06,0.106,-6.727,0.34,192.149,4,0
11RIJRbBfyLlJut96itSFd,199521,68,0.345,0.836,0.614,9.86e-05,0.088,-4.543,0.311,101.97,4,0
7htefGsTHusmmM6jbBJZ1R,172041,38,0.515,0.72,0.478,0.000584,0.618,-10.588,0.335,103.432,4,0
6l5WDlZzjAXWEA47969TXI,298997,53,0.00167,0.863,0.449,0.0235,0.0585,-12.521,0.0622,112.043,4,0
2Jy4EdqIZswDZvVDh5dx3A,234026,62,0.173,0.561,0.722,4.86e-05,0.175,-6.437,0.068,103.099,4,0
7hXYBAMe5r7AyRcmOjSN2Z,226290,40,0.3,0.799,0.476,0.0,0.101,-10.613,0.222,139.952,4,0
3Xfwu3xtPqmJ4nM4jpBm8O,169411,71,0.528,0.712,0.497,2.65e-05,0.125,-8.106,0.431,128.385,5,0
5s7j77zpP6e9uz2Q1DU851,192784,58,0.268,0.496,0.833,0.0,0.0858,-3.398,0.287,134.944,5,0
6SCSFTRB2ueJIhYQ2VJK68,155121,43,0.589,0.59,0.435,0.0,0.106,-9.943,0.274,109.288,5,0
3TgXcCEDCEEEIYR9Jbq7e1,201108,39,0.109,0.594,0.705,1.2e-05,0.175,-4.583,0.183,127.708,5,0
6Yblv6BbZHIkyrpYl4E0Zk,153146,60,0.0099,0.867,0.725,6.26e-06,0.127,-5.199,0.141,91.966,4,0
5cn8rUjix0GZj4Tkh9TTJZ,169230,37,0.176,0.834,0.558,1.67e-05,0.0879,-8.274,0.166,116.977,4,0
1QPIsbNZiuDv9NBjvkZYNU,231026,49,0.222,0.692,0.677,0.00106,0.0975,-5.792,0.302,101.637,4,0
4ebB5SB54qE1jdJ7VUU6wa,176000,39,0.672,0.806,0.395,1.25e-06,0.0844,-7.589,0.045,110.977,4,0
3FhIvkpWTHu4Vc7ZtSWdzb,157244,35,0.586,0.855,0.505,5.37e-05,0.121,-7.464,0.275,105.035,4,0
2v2EN5kpfhHdaZheU0X2m1,152565,43,0.0579,0.74,0.516,0.0787,0.164,-8.783,0.0384,139.988,4,0
3JrYkRVUNq5QLUgVJMCLYz,169211,52,0.00124,0.857,0.6,2.75e-05,0.124,-8.694,0.38,156.065,4,0
3R60ekRcGXuaoZmnbdlf3n,205640,68,0.275,0.763,0.704,0.0,0.108,-4.818,0.308,90.005,4,0
1JseAs562lQva7llJ0bibp,209235,47,0.0367,0.691,0.688,0.0,0.0736,-7.698,0.387,101.275,4,0
2DqsOLmZv2C0IxYyG9SlmI,190400,44,0.384,0.936,0.538,0.000201,0.0794,-5.622,0.188,103.02,4,0
0xag33jIARIViFERSXWDEV,216000,13,0.245,0.774,0.585,5.59e-06,0.0771,-6.158,0.32,99.464,4,0
7aIC4z5XBdEAI9kqycYxMV,190094,58,0.393,0.712,0.674,0.0,0.104,-7.454,0.183,102.007,4,0
3XdmxkGq16K3L1VcKChi57,205069,50,0.00276,0.575,0.634,0.0054,0.219,-6.026,0.127,126.444,5,0
6rdaW0ZtNeQv4J2lmOf4sS,163200,48,0.00524,0.819,0.525,1.61e-05,0.0954,-8.85,0.104,124.856,4,0
75NPgaRFGvx1UFteD7yNZ6,170106,54,0.0725,0.704,0.662,0.0,0.105,-5.926,0.215,94.063,4,0
63Sb1AMnhb37DR59uXZdQd,185080,63,0.196,0.576,0.597,0.0,0.049,-6.659,0.318,101.174,4,0
115OL2ZaNEl3eXhY5GphtW,190240,37,0.422,0.73,0.715,0.000827,0.143,-5.215,0.214,102.846,4,0
60eJ3MVSGh1Wias2xfZVdp,222350,54,0.488,0.677,0.649,0.0,0.187,-4.9,0.224,105.332,4,0
5DCoLPjn4bBNmf41iVG5Vh,170501,42,0.225,0.711,0.619,0.00584,0.0996,-10.797,0.0564,107.033,4,0
3AMxuq6id3YGB57eWeheZQ,201960,62,0.144,0.959,0.508,9.82e-05,0.136,-7.857,0.257,107.998,4,0
4DmgUMnnCw27Tu5Jvqhm1n,211120,61,0.0482,0.738,0.521,5.75e-06,0.108,-8.909,0.495,192.003,4,0
4Dech2aFB9vMxRFF4rJAM1,237784,57,0.0343,0.593,0.701,0.0,0.0841,-4.587,0.32,134.814,5,0
5vIXEk3u02WHbcD0h2ozhm,208426,57,0.0302,0.561,0.71,0.0,0.122,-4.676,0.351,99.011,4,0
2NwRZNRIlPt0qneUynCtro,160580,50,0.278,0.886,0.511,0.0,0.103,-8.854,0.264,105.03,4,0
23VmCwnw95Zqbeapi31iGt,216520,40,0.194,0.865,0.531,0.0817,0.114,-5.688,0.32,99.947,4,0
4HTKztrMHpvn2sAl4HcK3J,206261,44,0.131,0.813,0.727,0.0,0.127,-2.84,0.243,110.268,4,0
2Xs2HQqDDb00tsaWFYKyXt,195662,46,0.672,0.739,0.449,0.0,0.116,-8.415,0.0584,157.956,4,0
0gEV1AR0gd59DzrMJalYcK,171333,59,0.469,0.87,0.685,3.68e-06,0.281,-6.3,0.297,134.961,4,0
7086QbyiN4ITmlngO7XwgA,270158,46,0.0926,0.856,0.348,0.0763,0.0662,-10.113,0.0784,117.983,4,0
1Iz87RGfw3AByk09mQ9t5T,194053,47,0.234,0.619,0.694,0.0,0.116,-6.746,0.125,99.072,4,0
3rqmxZNh2BRgJ3BiCPFTSG,240160,66,0.619,0.727,0.761,0.0,0.077,-5.686,0.436,91.108,4,0
57XA5uPB0JtQTPCyRRrwGp,201600,47,0.0688,0.469,0.848,1.4e-05,0.159,-4.556,0.338,73.936,3,0
3B0WbRucJ6ZIla2G9IVt2E,178137,66,0.0954,0.821,0.666,0.0,0.319,-7.237,0.342,145.066,4,0
15EPc80XuFrb2LmOzGjuRg,176702,79,0.133,0.728,0.607,0.0,0.0864,-8.417,0.132,129.938,4,0
54I1dC6Ux5I4h7U44DmjgK,180705,46,0.0876,0.724,0.432,3.22e-05,0.0828,-9.945,0.203,84.992,4,0
6LXe2xtReWDWGnHCA5I3uO,169600,56,0.617,0.712,0.532,0.00745,0.121,-6.286,0.0494,99.951,4,0
4n358XQMHXd0xi6NazWdxr,162146,67,0.148,0.742,0.645,2.86e-05,0.0861,-10.248,0.386,112.402,4,0
3X6YJcqTinaNraRvojF62K,162590,66,0.0779,0.822,0.503,0.0,0.161,-6.889,0.285,71.524,4,0
0wY9rA9fJkuESyYm9uzVK5,171818,69,0.00558,0.784,0.586,0.000286,0.106,-3.417,0.187,132.169,4,0
6zWU7YALeEDMcPGhKKZJhV,194157,72,0.117,0.567,0.593,1.32e-06,0.248,-7.404,0.288,88.545,4,0
7jaYiqwCFQDdtxfQaSzZuM,258784,54,0.0303,0.849,0.703,0.0,0.0831,-7.069,0.193,115.052,4,0
5KapB9KJnRsZrprzIAXycW,214866,59,0.641,0.534,0.596,2.16e-05,0.276,-10.289,0.388,185.733,4,0
4doxCAkqckpGTasPN6ByUu,118436,73,0.189,0.649,0.565,0.0,0.127,-7.348,0.0839,86.899,4,0
439X8jGytErRiPnaoUJHju,218200,69,0.204,0.835,0.527,0.000423,0.283,-7.272,0.128,106.003,4,0
6efkcs2aUBMFKxl0cl2JWQ,169319,69,0.554,0.639,0.295,3.09e-05,0.3,-11.237,0.544,86.947,4,0
3VBYPu6aJaCgtlHx3Avxbk,160780,53,0.137,0.732,0.649,8.61e-05,0.113,-7.672,0.413,120.072,4,0
5ibTi2YwtvbB1bTOv2I93d,187893,68,0.224,0.734,0.438,0.00292,0.215,-6.124,0.0865,143.961,4,0
0H57lJQoHSzP4nE7EvTJPP,162277,42,0.00566,0.869,0.792,0.0,0.0683,-6.351,0.141,107.985,4,0
3DlgDXIYtnWtJKiB8bZQMv,201732,66,0.536,0.777,0.662,4.61e-06,0.593,-8.393,0.27,111.13,4,0
3CblJq8QQQ0bb7vwJu8c3v,190373,75,0.0248,0.83,0.695,0.0755,0.0573,-9.445,0.0716,112.046,4,0
632PCenoAviq31MsIh9eBM,163013,61,0.0162,0.825,0.683,2.2e-05,0.0582,-9.338,0.0923,106.002,4,0
078lbDGGTqBuTKU3bypXxQ,208269,65,0.215,0.768,0.626,2.63e-05,0.144,-6.516,0.125,147.77,4,0
051zam2WDIKOLdu4XYpCaA,186151,60,0.632,0.688,0.517,0.000922,0.0887,-10.374,0.125,141.287,4,0
3tsFWhe45D6CGFSMA77T3B,187426,57,0.233,0.812,0.448,0.000272,0.13,-6.621,0.0666,99.958,4,0
6AOcDjTt4jfe9ostQ6eAs7,200774,39,0.605,0.583,0.654,0.0,0.103,-6.456,0.395,97.492,5,0
4sFzG7iUlyPmuyASCkre9A,216933,65,0.25,0.793,0.489,0.000101,0.432,-10.984,0.284,120.097,4,0
4aMExui9zpbQZNhAmMsHPB,175381,60,0.275,0.803,0.592,0.00301,0.0844,-7.19,0.0887,110.911,4,0
0tId1P997Yfc6ryu7Sr5AQ,192500,33,0.314,0.79,0.616,0.0,0.114,-9.982,0.365,123.985,4,0
3Cmel92VSiZQiOmZzENWUb,245733,36,0.204,0.609,0.746,0.0,0.27,-4.229,0.122,83.672,4,0
5x3v1Td2EkrUJfscZdb6zJ,204901,51,0.139,0.661,0.463,0.0,0.0628,-11.754,0.0474,135.945,4,0
4SqPtAd2irUOyLoLcOFtkl,162858,59,0.0721,0.763,0.484,0.0,0.245,-7.482,0.141,145.058,4,0
3NsPvsr9VrcMtAxJ50XCL9,226164,46,0.249,0.807,0.689,6.93e-05,0.338,-6.646,0.207,95.014,4,0
6NblUCwJXYkQlQ6LhcmSlQ,240000,60,0.052,0.85,0.273,2.22e-06,0.104,-11.567,0.278,116.894,4,0
15cYjzRUBRrDHn76GdxWiv,232122,61,0.00707,0.61,0.709,1.61e-05,0.273,-7.143,0.241,100.489,4,0
3QF4i1kw1Cs4KsIJvevZ3v,230180,47,0.603,0.75,0.669,1.06e-06,0.0658,-5.329,0.0782,97.999,4,0
455RNF1FhYAjgRI0nPI9DA,184065,53,0.0668,0.826,0.423,0.0051,0.107,-6.624,0.144,107.03,4,0
5mtfHX4VyY5D81WMaOHgHV,156133,58,0.148,0.455,0.529,0.0,0.161,-5.693,0.153,74.885,4,0
3DcL8FXLA9iKwqnyj9POLt,180765,56,0.418,0.788,0.513,0.0,0.125,-9.56,0.535,70.08,4,0
7qcxGQNLJup67pQwTKsR8E,200327,39,0.222,0.637,0.733,0.0,0.0428,-6.052,0.296,119.407,4,0
0hZIaQMGqu41dozEwqVa1b,130981,62,0.66,0.685,0.577,2.69e-06,0.109,-4.655,0.108,110.326,4,0
5ljYtIOFDdm8unZbThF1rI,202035,31,0.406,0.722,0.603,0.0,0.13,-6.813,0.308,88.149,4,0
58uTw3T5gfAMvvQuNhJPJH,196949,44,0.341,0.715,0.585,7.58e-06,0.133,-6.916,0.0876,105.02,4,0
5jATtrFA8ToejRtQqoS5fi,198832,46,0.316,0.437,0.379,0.553,0.0986,-13.439,0.341,172.929,4,0
02nhDSWvcXYALyVkth2oXd,181000,71,0.0202,0.729,0.55,1.43e-05,0.387,-5.52,0.234,105.861,4,0
4oebzB09U8UoYtNnS6vTjt,135774,59,0.649,0.776,0.773,9.01e-06,0.127,-6.387,0.0354,98.999,4,0
564oa00vY05d1uYnTEAAmE,183760,63,0.656,0.885,0.595,4.42e-06,0.105,-5.487,0.286,148.034,4,0
33fgHbTXA4hVRriK2W1khx,178400,60,0.049,0.527,0.494,2.76e-06,0.091,-6.606,0.088,129.555,4,0
1gEB5InUzgNLHPv8H34v54,259816,54,0.372,0.747,0.453,0.000276,0.125,-10.563,0.429,108.911,4,0
2ucJBU4uvj0RgWPY4PgVVV,188437,41,0.193,0.675,0.677,0.00819,0.169,-8.835,0.132,110.142,4,0
2W3opOU3acvOKwo8UDx0mf,177726,53,0.24,0.642,0.572,1.86e-06,0.0999,-7.694,0.291,72.297,4,0
4ChbC1hqqAEhON6ZvIMJQQ,215779,35,0.0562,0.764,0.734,0.0,0.0946,-7.591,0.0662,109.017,4,0
12CNybio0Bxean3F3uYugU,175018,68,0.156,0.786,0.65,0.0,0.127,-6.472,0.31,130.993,4,0
77wZg9hR1TnPkysYKl29OJ,199578,36,0.00355,0.825,0.45,4.55e-06,0.154,-9.013,0.308,94.965,4,0
5hpVI4uROr6e4RBQJzBwB7,182387,68,0.0401,0.816,0.688,7.33e-06,0.123,-5.691,0.0967,132.015,4,0
56cBC4ufFxIxAWeGGoUznJ,118386,59,0.0145,0.891,0.722,6.34e-06,0.164,-8.2,0.286,141.999,4,0
5Gf30Ezykm4MhgzvaPL2Ei,189354,44,0.153,0.917,0.698,2.01e-05,0.189,-7.516,0.156,126.965,4,0
5SwUdsvuqQE6pBiFCZjsqQ,111277,33,0.646,0.495,0.527,0.0065,0.222,-9.204,0.102,120.676,5,0
4q4N3w0KDRYpAGmBZPLMlQ,194709,70,0.312,0.512,0.82,0.0,0.567,-4.525,0.451,89.586,4,0
3PO4o0z1ao5ItW7C4HNd72,185794,44,0.367,0.522,0.442,0.0023,0.167,-11.319,0.296,69.389,5,0
11RIJRbBfyLlJut96itSFd,199521,68,0.345,0.836,0.614,9.86e-05,0.088,-4.543,0.311,101.97,4,0
519SuHU1ai91BsRxDnT9Ki,211050,54,0.16,0.791,0.608,0.00109,0.278,-6.634,0.209,103.063,4,0
4wvnXoQqjIOoEis5eyTbCl,204373,65,0.115,0.916,0.476,2.13e-05,0.0992,-8.852,0.321,103.997,4,0
3aQuwPANxNswEKh2viX9EJ,160280,44,0.441,0.742,0.616,9.28e-06,0.257,-6.45,0.301,93.128,4,0
2CZK0do1yJntY27iBK3PKD,182640,46,0.45,0.639,0.813,0.0,0.115,-2.865,0.0692,124.847,4,0
49q1cx7bCJ53daNU3lENe7,212866,47,0.0303,0.764,0.905,2.66e-06,0.0303,-4.544,0.105,100.068,4,0
0BfJzdrAcLIQIYNP98zaO0,202944,30,0.15,0.94,0.424,0.00368,0.122,-8.506,0.245,101.964,4,0
7vF63z20Gyd0oZU8jYqGgX,152523,41,0.00428,0.624,0.705,0.0678,0.0616,-6.308,0.381,213.744,4,0
5Vd46pXPA18ky9n1t4OOiP,155903,44,0.272,0.655,0.527,1.52e-05,0.0916,-7.592,0.051,82.037,4,0
4Jhp7suhWYmpFJKSwuVW8W,182562,36,0.155,0.405,0.459,7.71e-06,0.106,-8.913,0.159,82.89,3,0
7jXTGAgzmvLJ40dKKJON2u,206586,38,0.0829,0.547,0.693,1.17e-06,0.129,-6.319,0.237,94.515,4,0
5gOtq0sKU24ZF8hnXlSp1V,181550,69,0.105,0.817,0.669,1.25e-06,0.247,-4.278,0.1,106.934,4,0
6MKGLdsfyFJlmdPRI78adp,253125,43,0.0386,0.848,0.603,1.22e-05,0.0751,-6.913,0.0961,131.787,5,0
4A7sSA10D35HQUNrSOl5Zo,204440,69,0.475,0.846,0.508,0.000126,0.0961,-7.873,0.308,126.447,5,0
24ULbF2UnOeMbkmkGriTBc,182710,58,0.452,0.631,0.565,4e-05,0.0782,-6.89,0.225,101.822,4,0
1QxTmNDHFmgaxgAolqqgAD,142120,78,0.693,0.534,0.821,1.02e-05,0.078,-7.463,0.107,111.032,5,0
4CGORuRtjSK6xMy8s1VvSS,191478,60,0.188,0.708,0.437,0.0,0.0976,-6.982,0.0807,94.053,4,0
3aQLKFRKoDR4vNExOr9IFN,146346,33,0.229,0.605,0.596,0.0,0.173,-8.346,0.0534,80.011,4,0
6TCIT9UrbWdT6w7ljB8h2U,194498,40,0.477,0.697,0.806,0.0464,0.132,-7.519,0.0389,114.063,4,0
3xisZC0wKQU9ot2FE75Bb6,189581,37,0.264,0.816,0.437,5.71e-06,0.0827,-8.506,0.081,89.937,4,0
6ztz7MysNjHec8CHmigWDp,167017,37,0.0793,0.759,0.703,1.21e-06,0.143,-6.329,0.17,95.116,4,0
0ibShYbjMMERrW91r5VyoT,217733,54,0.324,0.75,0.492,0.000139,0.232,-6.65,0.258,98.173,4,0
6oUfoALNcb6H7exE2D9A4A,160000,46,0.418,0.652,0.597,1.21e-05,0.116,-7.614,0.366,155.921,3,0
6d5E28VYwyws9CY00lwxfq,196153,50,0.0158,0.732,0.608,3.51e-05,0.317,-6.93,0.0883,89.983,4,0
29sSLYkzMUXyQ4n8oiSiyO,202520,31,0.767,0.633,0.26,0.00992,0.0937,-14.644,0.218,141.473,1,0
6SCSFTRB2ueJIhYQ2VJK68,155121,43,0.589,0.59,0.435,0.0,0.106,-9.943,0.274,109.288,5,0
7aIC4z5XBdEAI9kqycYxMV,190094,58,0.393,0.712,0.674,0.0,0.104,-7.454,0.183,102.007,4,0
35eTRjsCyCIASS7UmurJUc,214500,38,0.0452,0.772,0.821,0.0,0.131,-2.821,0.308,100.863,4,0
32sBVB5HmrwJ6e9g0S2BRL,172653,67,0.517,0.82,0.596,0.00159,0.358,-7.539,0.246,94.968,4,0
06eTOJlWZlR8mcLgFpUT0D,236885,49,0.0194,0.789,0.563,2.65e-06,0.0781,-4.979,0.248,140.036,4,0
1vkQGM41waAYdl7txOft1F,152001,36,0.221,0.412,0.903,0.0362,0.126,-8.118,0.18,103.44,4,0
6fdO1Q9BsT2WbhFFLzgkNr,232475,34,0.579,0.391,0.612,1.86e-06,0.103,-8.569,0.134,80.751,4,0
55K2ZYir51TSEBrf2thUi9,202549,44,0.239,0.634,0.714,1.13e-06,0.0828,-5.924,0.0787,97.94,4,0
6JiDmEYQJ6bvsqgRu206qp,139680,35,0.445,0.793,0.724,0.0169,0.168,-6.65,0.0669,130.122,4,0
7cFPWLFiE60sdgzPsyydUJ,208350,69,0.379,0.807,0.376,0.00387,0.114,-7.768,0.0638,104.908,4,0
3z4CGd63tpUn9a6oQSG0CI,241293,81,0.271,0.812,0.496,0.0,0.0955,-5.969,0.297,109.979,4,0
1ibMuYlk0n5AkYxEluhAUp,200280,34,0.133,0.549,0.663,2.72e-06,0.0947,-7.158,0.354,62.979,3,0
0pRyOQjr12h9RBEFmhbTQc,168654,61,0.0734,0.428,0.98,0.0,0.127,-2.975,0.443,92.035,4,0
6hlrui656yBRUb3qGkd5lH,95871,62,0.683,0.798,0.618,0.0,0.695,-8.218,0.163,139.972,4,0
1TfpBtkEQiDISwBcW1BeCX,233293,56,0.1,0.877,0.75,2.18e-05,0.123,-3.021,0.238,104.035,4,0
4gQPATYQSZ4BfiW2Csb2f4,183529,34,0.227,0.794,0.452,0.77,0.11,-14.197,0.305,118.956,4,0
6DXEZzM4wBa3EOl0NCNSvz,181413,72,0.387,0.579,0.579,0.0,0.17,-6.787,0.394,104.757,4,0
6I15UB0IPWQhJNJEPQ1gLE,207946,47,0.291,0.678,0.57,0.0,0.228,-3.922,0.304,140.115,4,0
3mtaSob1BQO4HMSA8lWKRt,423909,62,0.0497,0.765,0.681,0.0,0.216,-4.241,0.31,127.77,5,0
39JofJHEtg8I4fSyo7Imft,226626,83,0.164,0.736,0.906,0.585,0.106,-7.589,0.048,137.001,4,0
38spM0LahLUfQhOMAqA7AI,268087,71,0.208,0.864,0.682,5.27e-06,0.1,-6.73,0.386,115.012,4,0
60ByM4iRPMZ7h8b1a32Ur0,159013,59,0.387,0.784,0.699,0.0,0.134,-8.476,0.405,99.888,4,0
5FG7Tl93LdH117jEKYl3Cm,248040,76,0.0266,0.849,0.707,8.58e-06,0.618,-6.002,0.113,104.027,4,0
3gw91o4at6nDzewF9Hxzs7,222453,71,0.105,0.678,0.732,1.56e-05,0.306,-5.696,0.0465,87.495,4,0
2lEl1iNGpz9r2B7R5BqXSD,231618,58,0.018,0.501,0.592,0.000138,0.174,-5.923,0.446,202.003,4,0
4JSEMSiKPVcIEBQIlmGuI3,167680,55,0.227,0.695,0.746,0.0,0.254,-3.952,0.0482,91.698,4,0
0lk5tzmaJWVAv5GBvpm3xu,151640,63,0.572,0.951,0.415,0.00403,0.0792,-6.847,0.077,108.014,4,0
5pAbCxt9e3f81lOmjIXwzd,207030,73,0.311,0.757,0.737,0.0,0.113,-6.728,0.114,98.057,4,0
40SBS57su9xLiE1WqkXOVr,177524,83,0.0166,0.578,0.912,0.00362,0.273,-3.929,0.114,127.87,4,0
7sd72KZS8D59g5NmhxyHpJ,191502,71,0.0342,0.906,0.638,1.7e-05,0.0725,-7.917,0.256,99.959,4,0
4C6Uex2ILwJi9sZXRdmqXp,170977,80,0.0645,0.95,0.891,1.77e-05,0.309,-2.653,0.241,133.01,4,0
4LPNkxES0zCGn6S2Y1vmJN,172342,67,0.143,0.812,0.563,0.0,0.0833,-4.455,0.0887,87.979,4,0
6RZo8T7GY9EoWZXC5i2587,192514,71,0.222,0.728,0.689,6.14e-05,0.107,-6.601,0.13,89.973,4,0
3sTN90bIP2cJ1783ctHykO,192160,76,0.147,0.625,0.763,0.0106,0.214,-4.997,0.129,88.753,4,0
3z4CGd63tpUn9a6oQSG0CI,241293,81,0.271,0.812,0.496,0.0,0.0955,-5.969,0.297,109.979,4,0
2SAqBLGA283SUiwJ3xOUVI,261492,82,0.244,0.761,0.518,3.47e-05,0.107,-8.871,0.134,133.976,4,0
2cSdAkzAf2T4j4aLvx4LLz,111074,80,0.0921,0.73,0.907,0.114,0.23,-3.72,0.0606,120.968,4,0
2UVbBKQOdFAekPTRsnkzcf,190288,78,0.00263,0.817,0.816,0.0,0.159,-5.402,0.269,181.982,4,0
3X2Aw6bQ7TfMMKsTzjTlDg,232120,67,0.0212,0.691,0.733,5.61e-05,0.0894,-6.887,0.0572,128.038,4,0
3pudQCMnsFGwOElTZmuml8,177733,66,0.194,0.769,0.868,0.0,0.159,-5.772,0.214,103.909,4,0
45lKz9WsEol7FEV8HhjSjZ,151764,57,0.504,0.861,0.537,0.0,0.289,-8.199,0.159,102.014,4,0
0JmKkvlDtgPIYwLdxPNtyx,160626,58,0.0888,0.482,0.834,0.0,0.167,-4.262,0.256,117.334,5,0
4QPEwDdOMhY7rNS05mTyMR,216706,73,0.00838,0.817,0.781,5.21e-06,0.123,-4.178,0.112,104.0,4,0
4USHZ3omhEBGjHLD9BIJYs,210904,67,0.344,0.781,0.736,0.0,0.125,-5.413,0.29,100.55,4,0
2Xr1dTzJee307rmrkt8c0g,145800,84,0.365,0.727,0.739,0.00137,0.161,-3.805,0.0411,93.005,4,0
0UTmS76yJwuCpiKEn16uN5,210478,63,0.0424,0.853,0.686,2.79e-06,0.0866,-8.314,0.268,122.97,4,0
7AODNxFNPnKaz4hURLzw5l,190537,72,0.0933,0.902,0.839,0.0,0.102,-9.447,0.208,133.989,4,0
0wHFktze2PHC5jDt3B17DC,173947,84,0.111,0.902,0.582,3.18e-06,0.111,-5.902,0.109,107.005,4,0
6NJfIydBMYrXvlaXsFxmc8,196363,65,0.00988,0.767,0.569,1.45e-05,0.109,-6.805,0.216,77.052,4,0
02kDW379Yfd5PzW5A6vuGt,195428,75,0.256,0.799,0.66,0.0,0.111,-6.153,0.079,140.04,4,0
7u3w4fQhulC1etJbdfmv3Q,190684,71,0.0781,0.614,0.82,8.18e-05,0.618,-4.32,0.226,146.235,4,0
1tkg4EHVoqnhR6iFEXb60y,160000,83,0.65,0.709,0.548,1.59e-06,0.133,-8.493,0.353,83.995,4,0
32pPek0KsHsMSSFogNu49f,174545,60,0.174,0.763,0.666,0.0,0.108,-10.844,0.359,143.0,4,0
4PYfFHKfjYz6dwAtZhBy1z,108650,70,0.192,0.746,0.825,0.0,0.365,-4.457,0.0435,143.062,4,0
4vyG9ZhHT8MKJE5mTICMFC,162879,74,0.0156,0.628,0.738,0.281,0.153,-5.045,0.0367,125.928,4,0
7B0gxo0jQCy5Lk93RIODAC,152558,67,0.00198,0.531,0.89,0.497,0.0913,-6.308,0.144,169.963,4,0
1DxRMgLoWXgmIFF2Unp5pD,160551,59,0.272,0.872,0.525,1.76e-06,0.0691,-6.374,0.419,144.941,4,0
51ODNNDZm21HU7wI7cccRr,255631,78,0.0159,0.503,0.727,9.45e-05,0.0895,-5.456,0.167,121.985,4,0
4eVU4U063iMLFJFXb9kzkb,206657,56,0.0442,0.797,0.672,0.0027,0.149,-6.135,0.0477,131.978,4,0
1tNJrcVe6gwLEiZCtprs1u,177666,78,0.223,0.815,0.518,0.0,0.104,-6.594,0.0897,151.891,4,0
4vzJrkfHbCGaodPA5RY5BV,173333,78,0.732,0.85,0.68,0.0,0.0964,-6.18,0.338,144.006,1,0
7pnQ23WgZca9jEfMts9qsR,158117,69,0.085,0.716,0.513,0.0,0.12,-10.159,0.223,141.894,4,0
3FMedgGsLUNwx8NciePFEK,141276,73,0.413,0.759,0.803,0.0,0.362,-6.77,0.277,140.994,4,0
11RIJRbBfyLlJut96itSFd,199521,68,0.345,0.836,0.614,9.86e-05,0.088,-4.543,0.311,101.97,4,0
5C29RTtzXBODKoZn0aB4zb,136615,60,0.0986,0.754,0.795,0.271,0.0405,-4.565,0.256,130.049,4,0
3akHSrXZfjmnb8JC35h6iH,150638,36,0.449,0.46,0.764,0.0,0.21,-3.51,0.193,93.89,4,0
6Uj1ctrBOjOas8xZXGqKk4,172626,88,0.0888,0.824,0.764,0.00294,0.117,-4.175,0.0854,107.998,4,0
7z5G2LOdV8okZn4yWg3q5g,175774,72,0.235,0.706,0.552,0.0,0.144,-9.479,0.0833,142.037,4,0
4FEcEwbE2vsqhxbTPtiNTL,180000,70,0.0159,0.509,0.953,3.3e-05,0.28,-4.954,0.0414,125.015,4,0
2x4IWUXkoHd6eQ9SrUAuxs,361750,39,0.00692,0.827,0.87,0.136,0.0438,-8.054,0.0392,125.008,4,0
7IAMurey3mCF73caRZcdOC,355033,37,0.00672,0.884,0.679,4.05e-06,0.0353,-9.041,0.0581,113.002,4,0
3KusE22BUn5yqmjHGWADVz,309440,34,0.0177,0.97,0.729,0.0,0.0759,-5.432,0.17,125.036,4,0
0cI6D4xalZBLOMRs4Huuag,320000,45,0.00644,0.939,0.873,0.17,0.0892,-5.264,0.0605,126.042,4,0
75sTLVjlWPUTobrRE6rWLz,247616,38,0.292,0.879,0.661,2.73e-05,0.172,-3.533,0.123,125.962,4,0
4sqbcASPcaHxpXhioFi0RE,371973,44,0.000179,0.94,0.713,0.217,0.0623,-6.766,0.0455,125.013,4,0
3SSOe4Gr3GjT0d61GQHfgH,380373,12,0.00304,0.798,0.533,0.793,0.0317,-13.491,0.0671,112.025,4,0
3ufryzD3EJwOfQoSmheEGu,270445,0,0.106,0.713,0.638,0.0746,0.102,-8.399,0.0344,125.987,4,0
4RPfIe4EAv326abP6dZBSJ,350066,28,0.0193,0.864,0.699,0.376,0.0755,-7.688,0.0777,125.982,4,0
7pie3kUjFeGOGE5Sjy9tN5,352653,41,0.0192,0.936,0.69,0.000257,0.0822,-6.533,0.095,126.027,4,0
09zl1Tb8QaW64mMAo3dZOU,213750,36,0.00331,0.864,0.785,2.08e-05,0.0469,-6.985,0.0393,128.0,4,0
1zXaeLCs72Hg1XBdyrXtqI,274259,29,0.0202,0.85,0.513,0.032,0.081,-5.782,0.0847,107.03,4,0
6KlOMbkMRBQUFWpYe1z8Nq,383577,44,0.0422,0.866,0.623,0.21,0.0529,-9.673,0.0781,112.018,4,0
5x1j3ERLA6KpIdTi6c4dAS,374961,41,0.17,0.913,0.681,2.12e-05,0.0677,-9.914,0.0619,112.994,4,0
34MU6GBnnd9E6l8fNVq547,420050,33,0.0179,0.805,0.706,0.000294,0.117,-9.947,0.0984,112.007,4,0
74MtjssrlAPAtxqN6oAGD8,318432,26,0.209,0.959,0.676,0.0,0.0748,-7.176,0.147,112.985,4,0
7cVgVA4VO6EaVWvKZGQF9m,348531,43,0.0314,0.847,0.692,0.00513,0.0486,-9.038,0.054,113.003,4,0
7uhOIYLVWbBZ6ISBoyiMrl,433136,33,0.000955,0.883,0.54,0.0619,0.0528,-8.794,0.0644,112.017,4,0
6K7TA9kfqjmqcgfmU4pT4u,519334,39,0.0271,0.731,0.698,0.1,0.104,-7.985,0.031,123.028,4,0
7ytYzBHkEhgF8RPWjCITEB,390112,41,0.000294,0.895,0.751,0.0032,0.0524,-6.373,0.0588,126.053,4,0
7iPnbJ1W7wus9QqeBtpuII,254557,48,0.0238,0.76,0.626,0.0213,0.129,-10.615,0.0452,114.98,4,0
2jKhxVBUbGcZgNQOAiKKuW,260754,37,0.104,0.827,0.773,0.0154,0.0806,-8.03,0.0429,112.999,4,0
0ujzok2rT73GoZrokq5Wnc,349518,43,0.0885,0.906,0.573,0.328,0.0725,-14.479,0.0818,112.997,4,0
1hRpoVpLcVLhRuhd4XAxRV,252857,0,0.544,0.743,0.526,1.22e-05,0.0824,-10.169,0.0364,83.969,4,0
24Lc4fAKLCNrXbIssLCinr,206511,0,0.349,0.57,0.627,0.00152,0.0901,-6.294,0.0406,85.987,4,0
1OApYfqUJfRKj0hMqsXCpm,216163,0,0.0183,0.421,0.796,0.0,0.346,-10.707,0.0406,100.045,4,0
31MFbR3OtFarYRDgDhYdvv,169404,1,0.917,0.73,0.175,0.824,0.157,-20.621,0.0961,80.026,4,0
5VcpewfEIchLWxFyjsj38U,155620,0,0.284,0.951,0.737,2.15e-05,0.0914,-7.314,0.154,106.959,4,0
7ySP5kpSTtRXIzO4izOCbO,164185,0,0.587,0.542,0.863,0.0,0.874,-4.655,0.252,77.499,4,0
0Ux1Rx1gXNf3wsCT9U4KQy,200000,5,0.418,0.627,0.318,0.922,0.0939,-15.431,0.037,119.99,4,0
5m0bpTUQHmLhTF65FGwUAL,169727,0,0.0112,0.58,0.936,0.165,0.413,-5.696,0.146,139.876,4,0
43vHf1yUh4soOD87LxYC1A,387885,0,0.883,0.79,0.607,0.937,0.125,-8.715,0.0418,99.018,4,0
5r1czhIx9M6k8HwiGgrnrN,166791,0,0.269,0.879,0.714,0.0,0.0501,-5.946,0.181,95.012,4,0
10SdwmAHbBwd6qb0T5WUZa,207963,0,0.000785,0.341,0.635,0.564,0.156,-8.924,0.0279,140.247,4,0
3XJ14IuJUUZ9RzvO83If8E,171174,0,0.0413,0.928,0.415,0.0104,0.12,-10.653,0.168,100.023,4,0
3StWTZMLPD10j1PUAdJkyU,146666,0,0.907,0.652,0.504,0.219,0.114,-10.722,0.0624,179.997,4,0
7l1UHiD2iPXyUOLD3LB0e9,183754,0,0.043,0.614,0.682,0.0101,0.428,-11.271,0.0354,128.023,4,0
4lYHYpHnPJNxlkOTdRgVsp,288545,11,0.429,0.432,0.528,0.000886,0.21,-7.039,0.0735,110.056,4,0
1fpRyYsRIgvYJxLlld9PwL,192000,0,0.00339,0.61,0.79,0.723,0.661,-3.444,0.199,90.06,4,0
2OSrVspe6ufwmh1oYrnoJQ,188475,0,0.00193,0.642,0.653,2.54e-05,0.102,-7.683,0.0964,112.06,4,0
0WUfl0akDWyX6P1F50pgvY,240218,0,0.0107,0.516,0.745,1.1e-06,0.423,-8.475,0.0289,96.009,4,0
586db12cUPbF6aB3ZmKkq8,230462,0,0.798,0.539,0.286,0.124,0.115,-14.744,0.0322,83.947,4,0
5eCTLfW5AMgwSTXLx2vsIF,268812,0,0.000102,0.523,0.593,0.882,0.96,-16.62,0.0473,100.085,4,0
5YVaejMojPHHWofG3Ur40w,374173,0,0.00476,0.543,0.881,0.908,0.0867,-5.86,0.038,126.992,4,0
7agTIrBxFBQyycuHFhM9hC,208050,1,0.515,0.763,0.365,0.207,0.107,-11.578,0.0434,140.094,4,0
0ff5HAbaDQxyR5151MhQxv,229880,0,0.794,0.551,0.36,8.13e-05,0.155,-6.57,0.0276,86.273,4,0
0pDWpv2uRmE1rZYlb4VW2s,260414,0,0.0366,0.533,0.493,0.0077,0.206,-10.114,0.0299,130.032,4,0
15B23AY1MT2BgUI5LKLwkJ,240125,0,0.926,0.644,0.255,0.024,0.119,-14.916,0.0283,89.958,4,0
1nTAInLYjp0SQFUbjfoxKu,130507,0,0.344,0.545,0.602,8.79e-06,0.11,-7.083,0.367,159.151,4,0
6xym7xaloOldZTQt1FoYAN,237609,0,0.212,0.432,0.708,0.0,0.0447,-6.678,0.0598,146.936,4,0
1ucqMfyA95jpBnHNTHPAuM,172285,0,0.316,0.833,0.519,9.47e-05,0.176,-10.043,0.388,140.002,4,0
2nZj2RCTfXz0F8Fz6ZB1K3,224493,0,0.113,0.41,0.477,0.28,0.0805,-8.361,0.0375,114.943,4,0
3BtQtI7VzliTflIWAEJV1H,190185,0,0.442,0.756,0.468,0.138,0.111,-10.896,0.0601,119.99,4,0
4QLl85aLFa9OHeXg0uNgfX,164440,0,0.271,0.637,0.853,0.0,0.153,-7.602,0.27,164.897,4,0
4HJ336ly0eSzH6Y5p6dgzv,142500,17,0.994,0.751,0.027,0.897,0.0925,-26.352,0.0526,120.021,3,0
3NkO75LQg1vBKrpSoxMxxt,157384,2,0.393,0.577,0.275,0.935,0.533,-19.501,0.0291,129.963,4,0
2QTlGxRMYKJrMJ7z2Tm0Dw,188127,0,0.00791,0.737,0.775,0.000158,0.254,-7.038,0.0472,103.0,4,0
0hwEV0TcM5MbT9HNcRK0Mu,381349,10,0.174,0.574,0.453,0.562,0.103,-8.53,0.0286,117.968,4,0
1DXjFf35ceMPSFHzx0IkD9,128000,0,0.947,0.606,0.198,0.95,0.0976,-13.405,0.0403,75.006,4,0
0gyfqZsk4yT7Jm9LxXOutp,248709,0,0.324,0.46,0.751,0.727,0.147,-8.36,0.044,156.96,4,0
1wRbiIlwHrZFx6j6gzcTfy,151605,0,0.0296,0.372,0.646,0.0,0.106,-5.672,0.0554,143.772,4,0
2DlbEUcEjUANmFhieQ29L3,197800,0,0.000153,0.292,0.925,0.773,0.239,-6.499,0.143,200.043,4,0
7nujwihie1bk9jW5ELFNM6,215111,0,0.0841,0.67,0.987,0.868,0.332,-9.334,0.0369,134.991,4,0
5lk9HZYGgJS53bwcyoD9qn,182786,6,0.000876,0.393,0.982,0.529,0.11,-5.048,0.0951,164.126,4,0
6FRxI097jdSnBU613oC7qd,221769,0,0.0216,0.78,0.484,0.00245,0.0551,-9.656,0.0405,105.994,4,0
2UFksHNAlIzkDypgawab37,160026,0,0.0418,0.698,0.634,0.0,0.0952,-13.381,0.61,163.02,4,0
1wJ8091S6LDc9Frqi4OenK,197400,0,0.00486,0.539,0.863,4.87e-06,0.355,-7.711,0.0399,79.989,4,0
1wlfRibEkzsGaIXVt10S5Y,188733,8,0.905,0.568,0.28,0.881,0.104,-15.565,0.0302,109.884,4,0
0GHsGqiljDZj0pnBxWDSp4,211169,12,0.00294,0.661,0.723,0.0,0.0853,-8.086,0.0536,121.967,4,0
1A6GE5iVMYM7psrwtqHmAl,197647,1,0.0716,0.65,0.693,0.0,0.126,-7.693,0.229,170.068,4,0
5wkSMTxyZjWYt4cuUH7CJB,238726,0,0.000177,0.559,0.532,2.13e-05,0.111,-9.856,0.0249,136.04,4,0
04MLyMUaOQ7GGwYU1aE04Y,293478,0,0.00679,0.535,0.659,0.865,0.078,-12.762,0.0287,122.017,4,0
4uDg9SiYMWFYO0KNW3hhVD,204840,1,0.305,0.779,0.665,0.0,0.118,-8.285,0.127,149.995,4,0
7kppyL0pM86piLRzUmp2fa,277906,37,0.182,0.708,0.779,0.00363,0.123,-8.408,0.0535,119.975,4,0
428JKI7aO86RjJh0uqG9fg,270818,48,0.386,0.613,0.725,0.0205,0.113,-9.856,0.0475,108.017,4,0
7jpE6bWODjuZXeeFiNpgIJ,355493,5,0.0481,0.843,0.638,0.828,0.0544,-6.192,0.0628,125.005,4,0
1Eum24tziiY0sRBRx7hWBb,332533,48,0.0628,0.772,0.71,0.769,0.0551,-11.52,0.0399,117.009,4,0
6pJ30zW19cOeAbcVrtMwSW,190160,19,0.0895,0.657,0.601,0.859,0.0956,-9.721,0.0334,119.963,4,0
1CJgvXz6dVKCHPnH8x0g5X,238012,32,0.303,0.863,0.743,0.0598,0.128,-9.346,0.041,121.981,4,0
7wL2RB6mQ6HZk3EvXor60C,244285,33,0.25,0.799,0.842,0.197,0.111,-5.78,0.0303,111.994,4,0
4Uzg3pALh2Sv5pgxeOmAxo,205107,16,0.268,0.721,0.632,5.78e-05,0.0878,-7.166,0.035,123.985,4,0
0qJa93Vo8JZrWgOqyQhexr,358904,30,0.0106,0.777,0.61,0.317,0.0513,-7.768,0.0514,125.017,4,0
0RHz6Vire0nWHcvwC6bvPf,360868,11,0.0526,0.779,0.604,0.0,0.0874,-5.718,0.0421,122.952,4,0
5dOqtqULLi5rCtmouf7gPi,234285,2,0.0357,0.695,0.86,0.0846,0.206,-8.81,0.0304,126.032,4,0
1DjMQI5kdodOoW5qDxqmMZ,309506,12,0.0238,0.781,0.599,0.018,0.0334,-12.464,0.0418,119.989,4,0
1CuLDXJZw8JuP6wCJw90Ko,340665,49,0.384,0.786,0.477,0.195,0.111,-12.54,0.0556,124.003,4,0
36OlTE2Dvuek4h4hXmf9FX,272260,45,0.274,0.713,0.544,0.0,0.0789,-9.964,0.0892,91.991,4,0
3GjKqFWVkN8xlP5Yldr2Le,302106,48,0.176,0.849,0.541,0.00514,0.275,-7.372,0.0406,124.001,4,0
1TnxFLmkEkUfiof9PwaJaM,296000,24,0.0426,0.739,0.692,0.876,0.0885,-8.949,0.0416,121.01,4,0
0Bl8N02J5qjjLRk2SlH3Jc,287689,39,0.0296,0.579,0.88,0.907,0.0902,-8.251,0.0397,110.026,4,0
1OG9dw1czwSSPP5gpSfbjD,438152,14,0.0189,0.824,0.74,0.166,0.028,-10.384,0.0503,113.999,4,0
1SpyVRR3QnkLeB8Rg0T0k2,315966,6,0.00667,0.797,0.731,0.133,0.129,-7.236,0.0593,116.999,4,0
1GsmyDal2cPoAiuUIwWjAQ,370146,8,0.00371,0.864,0.794,0.888,0.0373,-7.674,0.0505,125.986,4,0
0Khta2SiNQVJ6wBgiS331o,399290,25,0.0233,0.847,0.517,0.277,0.0471,-15.468,0.0637,112.999,4,0
2YXf32CaC2PzXIgmRb2GK2,407787,48,0.00646,0.844,0.564,0.163,0.0231,-10.817,0.0855,112.996,4,0
1kFqoBTG9bernFQUAC5e0S,219920,38,0.0197,0.91,0.592,0.000449,0.112,-7.522,0.0498,124.046,4,0
6GzlnKE33mZDmzDSihuq8t,454901,18,0.0258,0.827,0.748,0.306,0.0283,-11.709,0.0592,114.003,4,0
31ukTS7IhCfzqi2nBwdPYb,304906,16,0.035,0.698,0.785,0.0102,0.0725,-8.639,0.0487,119.994,4,0
5A70McnYpUEuTcZiQK4CiF,273066,51,0.424,0.727,0.441,0.369,0.0988,-12.213,0.0398,109.037,4,0
026nX3YmiDNYheiNTyLj31,264373,1,0.0596,0.777,0.773,8.17e-05,0.085,-7.309,0.0541,112.998,4,0
1ySrv5CK5gHnehduj5xL0T,424776,33,0.00738,0.83,0.509,0.647,0.0417,-13.631,0.107,113.0,4,0
0IORx4OdBhBSqdmxf6HYig,228600,26,0.655,0.614,0.53,0.0402,0.0876,-9.877,0.0375,94.909,4,0
3JpoM324kjnJDrjCXTFiqP,346310,21,0.00227,0.841,0.535,0.237,0.0943,-9.137,0.067,123.025,4,0
7KagcNrstnN5H2se1UUkMb,382299,35,0.206,0.808,0.629,0.165,0.0306,-12.234,0.0488,112.995,4,0
7BBPfDLjooHAEAQiIOz8HI,236170,31,0.024,0.753,0.747,0.0388,0.176,-8.66,0.0523,125.012,4,0
2MruuZoi0Au3wBgEQhSzso,223976,32,0.0592,0.521,0.674,0.685,0.0846,-9.138,0.273,210.005,1,0
7uWjJqLMacCGJtP5K99nmn,377935,44,0.00177,0.806,0.757,0.153,0.0241,-10.503,0.0444,112.019,4,0
41ASyTnK923DjwNNYaFhm6,330614,27,0.0352,0.781,0.651,0.193,0.0626,-8.776,0.0478,122.006,4,0
3GFSDvZNZPz0B7odw89yHN,393473,41,0.0063,0.802,0.598,0.616,0.0261,-11.342,0.0537,113.02,4,0
3gq35iViL1FJeFsKaR1hhp,408625,12,9.51e-05,0.793,0.591,0.78,0.107,-10.938,0.0561,119.995,4,0
0x4ztt2M1TPoLYBr1qXaLH,355095,8,0.0691,0.745,0.459,0.0376,0.0721,-8.821,0.0456,124.979,4,0
3CpNByGHjIByYk53Ycvpuq,407785,26,0.00547,0.841,0.772,0.802,0.0485,-14.307,0.0569,112.993,4,0
5yqWA3hCeRAMphpb5FAdWP,325845,26,0.0468,0.793,0.696,0.109,0.0665,-7.867,0.0448,125.975,4,0
5g6uznSOJ446jA1UZ76D69,287901,19,0.22,0.671,0.873,0.338,0.0932,-6.915,0.0583,114.937,4,0
5rV6ICYm2WvgD0zXMCMPbz,165023,0,0.237,0.656,0.692,0.0,0.0878,-6.403,0.263,89.986,5,0
7BUUwjuAjTCKp9P6mCBqkL,404000,21,0.00119,0.692,0.795,0.14,0.128,-7.096,0.0347,119.985,4,0
73bWPGjh6yjmIV7BpqdkPR,417906,26,7.23e-06,0.716,0.734,0.521,0.0637,-7.479,0.0459,115.996,4,0
5OOeLnVCaUUnBviiM5J46E,471034,32,0.232,0.639,0.624,0.833,0.106,-9.337,0.0386,123.005,4,0
2zK0dhPMkWTLntkcdrcygN,445675,16,0.133,0.838,0.533,0.133,0.0683,-9.173,0.0454,125.002,4,0
63fQtz9sjyb8Ly5ce79ch1,240000,20,0.0442,0.837,0.767,0.0238,0.0192,-6.051,0.0423,122.014,4,0
3RoQTkYqtetNvEOYkStDSg,245200,14,0.05,0.81,0.728,0.00159,0.0421,-8.109,0.0612,120.043,4,0
6IVjF6tfGdFBZr4wXhMRtC,381586,37,0.143,0.895,0.674,0.0726,0.0578,-8.694,0.0882,116.013,4,0
2jkmZ2bTa9eckZLutpeeNm,260000,2,0.076,0.756,0.56,0.339,0.101,-9.585,0.0792,119.981,4,0
3peytwnbQgA7xEhtovNySA,353736,32,0.272,0.704,0.446,0.817,0.111,-13.704,0.0569,121.91,4,0
2tjbSkPKKH1GFUhSr96tq0,180000,24,0.151,0.817,0.866,0.0,0.0946,-3.86,0.216,94.007,4,0
0IORx4OdBhBSqdmxf6HYig,228600,26,0.655,0.614,0.53,0.0402,0.0876,-9.877,0.0375,94.909,4,0
7MtpW10epOD3sUtURL5ZDu,145860,52,0.251,0.707,0.866,2.5e-06,0.263,-3.612,0.0354,108.053,4,0
4f2pbMCBo4NONUWsTIm6H3,207802,1,0.158,0.8,0.686,0.0,0.115,-5.024,0.146,95.058,4,0
1pLOxV11pQRIyHnGIVZVDH,162102,40,0.0214,0.859,0.659,2.8e-05,0.0813,-5.515,0.0965,120.02,4,0
6xe6BocwJcN1MIipYaHdkV,178106,39,0.266,0.879,0.756,0.0,0.186,-4.503,0.0533,105.175,4,0
2cf3SkA0LxOMJmo6GAMHTB,312960,46,0.0629,0.763,0.722,0.744,0.045,-10.628,0.0582,124.996,4,0
0Df1EhQBA1RH2gEbaFywqM,337710,5,0.0107,0.892,0.458,0.782,0.0767,-12.537,0.0633,113.989,4,0
5NkvKJem8BSNcZXsgNZpMI,154615,40,0.21,0.721,0.58,0.0,0.176,-6.509,0.267,104.23,4,0
6u88i4DmQG9rsN4UTKQEhj,186945,14,0.388,0.558,0.725,1.21e-05,0.091,-5.303,0.265,207.677,4,0
5aDAwf4fABN9oZ52PDbX2o,325871,41,0.22,0.666,0.504,0.0,0.113,-8.032,0.058,163.457,3,0
7I2mvPzyARW1wfIDppgtBk,164460,11,7.67e-05,0.721,0.818,0.000379,0.262,-5.254,0.0316,125.074,4,0
7jIwGaXqpW3baYVQoXPcrg,184370,29,0.0201,0.427,0.968,0.00905,0.516,-0.9,0.233,126.336,4,0
5gXKDmafOQ8i4lYr62wxTk,555704,60,0.000658,0.618,0.885,0.502,0.37,-8.347,0.0454,138.029,4,0
2fovN88nMPZhATtCNeNaqM,460869,56,0.00808,0.593,0.992,0.822,0.165,-6.58,0.0724,138.052,4,0
3v2oAQomhOcYCPPHafS3KV,543453,66,0.000702,0.275,0.721,0.821,0.0792,-6.222,0.0359,125.156,4,0
2L7qzGqRIWrLw2YDdB6azz,600410,34,0.0194,0.454,0.766,0.433,0.366,-6.856,0.0564,140.008,4,0
0So7RRwiYYIKH63BFCu58N,625906,26,0.00636,0.59,0.72,0.272,0.63,-7.376,0.0335,105.003,4,0
2Xf6k7niuuyfY1aiHTe52d,220810,42,0.000556,0.594,0.929,0.64,0.14,-5.36,0.0352,125.004,4,0
5aLH3GQgqlJhkrjM8tu9yP,240000,27,0.283,0.682,0.897,0.607,0.152,-5.952,0.0989,126.019,4,0
1824cJezpL5B278zaSEoGG,230156,17,0.0851,0.614,0.988,0.856,0.14,-6.664,0.0707,127.986,4,0
09c49mXu0SOt4qLc9QNlme,203809,23,0.142,0.545,0.983,0.923,0.0988,-3.646,0.0498,125.999,4,0
2BiPS0ejeyCHWvotD7HMpj,222580,11,0.258,0.645,0.99,0.242,0.195,-2.137,0.201,123.981,4,0
1HrMWH5GUdK6Yi94rbANJA,223869,74,0.0245,0.706,0.74,0.512,0.135,-7.904,0.0325,122.007,3,0
6TR0FGw4zhlGbQALN065AI,194232,66,0.00646,0.595,0.877,0.0879,0.398,-7.414,0.0442,125.015,4,0
5pmpN7RtQBBBqxramwHcPB,168000,24,0.000419,0.554,0.822,0.74,0.114,-5.922,0.0545,119.988,4,0
3CmUXmrh17WIaQOQu9OVha,209081,49,0.0183,0.643,0.789,0.52,0.0901,-7.165,0.0322,122.035,3,0
6rO7Ljvkmj4ESCIcGEsVdT,189498,52,0.00986,0.602,0.866,0.0234,0.203,-6.913,0.034,123.988,4,0
614hTK5Y7ZuafgNtxT5Gmp,337972,40,0.016,0.791,0.937,0.694,0.0797,-6.879,0.0479,126.009,4,0
6lg0Md3xQ7U5EYAcsnysiv,204800,42,0.00407,0.224,0.644,0.252,0.537,-7.276,0.0386,149.822,4,0
3SC6AMW3CjBOlx5GLvWNbt,165000,54,0.00294,0.5,0.904,0.0928,0.518,-3.142,0.0541,160.046,4,0
0y3VbJU7mDnaUboUrVj1I4,187093,51,0.00209,0.484,0.756,0.314,0.3,-4.379,0.0579,139.9,4,0
2iL4mShglCUTKe4vQJMSqp,191987,44,0.0141,0.638,0.956,8.7e-06,0.761,-3.3,0.136,150.073,4,0
4nyqcnj3pTl72hFsJCO0S5,195096,40,0.00114,0.628,0.987,0.677,0.324,0.427,0.184,155.003,4,0
3MhymzaFcj7bXVJzB0ZJb8,162302,59,0.0146,0.632,0.962,0.53,0.297,-3.311,0.302,139.051,4,0
7jvrBivTkVKjaoH25guz6n,169641,36,0.00954,0.683,0.976,0.864,0.136,-2.356,0.112,149.947,4,0
46eI4JcWjax7ARjZ35CdMB,128050,41,0.000552,0.614,0.817,0.818,0.399,-6.992,0.0723,149.946,4,0
6FwvvtAuHIvdeupkTpaTRN,167142,52,0.00845,0.359,0.976,0.623,0.288,-2.285,0.0932,139.938,4,0
09pW7wXspkEkd8gjE93prk,211403,45,0.000497,0.382,0.973,0.0349,0.925,-5.749,0.139,127.528,4,0
2nUOU68d5TGSGpnCd7gI05,237377,39,0.0069,0.536,0.895,0.388,0.395,-5.904,0.0535,150.05,4,0
61IktHTlHcUGQxvHrzA8jm,203580,41,0.00149,0.466,0.954,0.787,0.156,-2.935,0.0804,160.056,4,0
3QjCmtOcE0GoiExw1XXcjw,179200,49,0.000186,0.497,0.944,0.333,0.483,-3.701,0.0451,150.024,4,0
6FzjJPwf5JzzFOei7h6Qrp,215773,56,0.00609,0.591,0.911,0.0123,0.223,-7.975,0.0661,103.517,3,0
5KC7ginqShi7mhDQLttQh0,161739,64,0.000206,0.558,0.99,0.376,0.0797,-3.877,0.128,138.074,4,0
69pnjAws2uzNZJEK64p9JI,217391,45,0.0132,0.614,0.989,0.0176,0.112,-4.724,0.194,103.485,3,0
3FfWLi2e80rgn2Q02OhcbR,236521,39,0.00805,0.618,0.937,0.213,0.738,-5.682,0.0559,138.023,4,0
5Uj0VnayJKOuP9GmmDPNOx,198583,55,0.00596,0.678,0.967,0.73,0.0694,-5.296,0.089,138.019,3,0
7IVGtjdoOS95iArvhfCMif,223192,38,0.00274,0.337,0.995,0.518,0.208,-4.075,0.0843,103.496,3,0
7cVaJvsIIcgzSdH204p2CX,267040,49,0.144,0.565,0.892,0.801,0.0385,-5.221,0.0672,139.957,4,0
6UWZP82Q9I7lUtQaPBWJL7,203000,48,0.00446,0.474,0.94,0.00172,0.417,-4.558,0.261,103.483,3,0
2WfjOtTI19qGwpjknDQ54N,487391,36,0.00262,0.607,0.979,0.626,0.284,-6.828,0.056,137.996,4,0
0B5i5ZFDnUIn1BF806uk7e,481739,20,0.00269,0.634,0.804,0.857,0.224,-6.149,0.0448,138.001,4,0
19wgIwKRVTuKbKJB0lnCG5,153200,55,0.0961,0.797,0.656,0.49,0.0461,-5.74,0.0948,149.998,4,0
4ed4uYS14kvMiwBeiq2xRe,149552,21,0.0273,0.647,0.89,0.844,0.112,-6.111,0.0783,133.999,4,0
1qRqb6mWhR79LCWruyW3eu,259587,40,0.00999,0.609,0.946,0.0545,0.195,-5.104,0.291,149.967,4,0
2Byxr0ooaeLayBBaVLup67,210211,59,0.000291,0.358,0.923,0.196,0.074,-3.722,0.143,149.938,3,0
3DByxA4MRvkBR8DPEFnrgr,160668,52,0.0065,0.514,0.936,0.0297,0.0728,-3.517,0.23,127.914,4,0
2fSuULcE8VMeOHxBsXIy0d,178285,44,0.00162,0.628,0.989,0.00632,0.228,-2.995,0.388,139.923,4,0
016keV9aVjyKfwrF1ntPFF,180000,30,0.00031,0.382,0.937,0.27,0.162,-2.776,0.0764,138.055,4,0
6NtUUoGuIZCQSDpX3NMGNZ,186304,22,0.0323,0.594,0.806,0.0303,0.171,-3.022,0.0454,138.048,4,0
05kVyNUR9uibHta4jcGTTv,578040,77,0.126,0.729,0.72,0.347,0.178,-6.692,0.037,122.011,4,0
01RVEFIhBmrj4Bgm9Dbtns,200571,0,0.172,0.856,0.522,0.0771,0.103,-14.721,0.0592,139.997,4,0
2YEtuY7LILYtTkXTmd1y5R,212571,0,0.032,0.635,0.573,0.131,0.322,-11.473,0.0434,140.064,4,0
0jEc0BmrgMIJLsG2VqAr29,249888,0,0.00067,0.439,0.696,0.0162,0.398,-7.476,0.179,178.814,5,0
0qEpm9MVJgrG1pSnKcIPIt,222861,0,0.196,0.718,0.8,0.39,0.0522,-5.663,0.0346,139.986,4,0
5zd7fzIAM1f8eNALwsg21q,176000,0,0.0423,0.817,0.749,0.171,0.103,-8.41,0.0519,105.001,4,0
27YD36FUikKxbp3bKSiKGZ,297782,61,0.251,0.422,0.677,3.55e-06,0.16,-5.76,0.0365,150.131,4,0
3RaXvdP3mefcmxvBGm0rzI,262173,42,0.0337,0.469,0.633,6.49e-06,0.13,-7.281,0.0353,91.961,4,0
1gnYZJ13MLIRFexETWGDEo,265600,43,0.0613,0.392,0.753,0.000399,0.0864,-4.831,0.0484,150.028,4,0
47kEJq44ZBrRBD4gvdCu0v,240000,66,0.0357,0.333,0.79,3.08e-06,0.704,-4.334,0.0492,139.437,4,0
7K3RgukdPFTSOsOaqeqVRB,292633,53,0.309,0.387,0.595,1.49e-06,0.0618,-5.831,0.0397,170.079,4,0
21vhzb5v7QJXXyBAPAWJNB,235200,44,0.0412,0.501,0.76,0.0,0.12,-5.582,0.053,149.658,4,0
2VaOJEHR9U3Q6SlG8TZN5j,214285,51,0.0498,0.473,0.725,0.0,0.172,-3.669,0.0428,140.146,4,0
6AoG52kxfptY0QBQnjuQOe,240000,62,0.000368,0.451,0.915,2.12e-06,0.383,-3.325,0.0727,145.069,4,0
7hCZVX8ogwzgszIKtkD6Bv,272000,47,0.122,0.444,0.719,5.3e-06,0.115,-3.513,0.0666,149.941,4,0
1Ooi1dUoSxJyXZ2v1a3cjj,213046,32,0.0449,0.61,0.433,0.0,0.11,-9.368,0.072,127.993,4,0
6LR3DEPjNAIQfpmrT7ishi,328275,42,0.246,0.374,0.659,0.00104,0.0991,-5.427,0.0438,173.892,4,0
2U0pVx4m1Kdm1Gsjjm6iq8,204120,50,0.0142,0.579,0.697,1.6e-06,0.157,-7.429,0.0394,129.967,4,0
1suqXPrYygZ7BYiSfaVZE4,230571,59,0.0523,0.392,0.737,0.000141,0.244,-3.882,0.0857,139.956,4,0
6AkEP2vEcpTRn2ilHVPNsa,342008,53,0.00047,0.352,0.871,0.000764,0.238,-3.696,0.0768,146.014,4,0
5sGm4JoUGhd40NYlXMfnPw,246260,47,0.0309,0.541,0.783,0.0,0.141,-3.912,0.0645,115.012,4,0
5GmhrrcziQz36B3R4AyJYE,210884,52,0.0987,0.443,0.727,9.35e-06,0.118,-5.171,0.0984,74.827,4,0
3AsCaUpOdqmQYtNsEonbvx,202714,49,0.227,0.581,0.752,0.0,0.265,-4.629,0.0524,140.031,4,0
1dlJQt9NLH5iFCIeiVz5lX,295890,40,0.0014,0.363,0.735,0.000119,0.13,-3.857,0.0428,145.556,4,0
1MLSe5mPMi5Vn6PDwzmUJy,240000,30,0.135,0.601,0.813,1.67e-05,0.104,-3.351,0.134,149.776,4,0
1FRFgyPNuqfXIRYlCJ1kwR,284262,46,0.117,0.467,0.723,3.49e-06,0.186,-7.101,0.0536,139.995,4,0
1sAyfWbmgrT7HganHgLSYQ,207272,58,0.203,0.36,0.574,0.0117,0.105,-6.557,0.0434,132.097,4,0
4dt4MyGRdBmpAukq0r5GuX,202788,51,0.363,0.531,0.707,0.0,0.283,-4.752,0.0961,139.78,4,0
1U4EJlYgHHuEzZPgiuUvEH,222000,42,0.0208,0.632,0.607,0.0,0.0678,-5.649,0.0442,120.009,4,0
3HKiR4t12GW18bnPUVhx5l,278400,57,0.0456,0.427,0.836,0.00238,0.369,-3.323,0.0466,150.128,4,0
02oT3HvcsXD64VwOBtH8yM,236317,54,0.0088,0.365,0.765,2.06e-06,0.0959,-4.449,0.0416,179.955,3,0
6HfZTdkheqDGQQwQGRV8et,254136,58,0.0644,0.426,0.586,0.000542,0.0992,-6.279,0.0358,152.205,4,0
075frt5ViwzxiNyfyzivMW,258461,40,0.00872,0.364,0.734,1.46e-05,0.0789,-5.795,0.0397,130.058,4,0
0aDYbKm7Cwe3rkjihsj7S6,172804,54,0.172,0.342,0.842,1.44e-06,0.339,-4.159,0.0855,149.922,4,0
61hscfv9OVgxG7KXjkpoTB,227458,35,0.302,0.511,0.799,0.000103,0.0793,-1.936,0.068,149.544,4,0
6BDLcvvtyJD2vnXRDi1IjQ,259555,60,0.0701,0.441,0.753,0.0,0.027,-4.074,0.044,135.015,4,0
6eULCR6SKmHl9TwhVdF80c,251473,23,0.0244,0.55,0.866,0.00424,0.0906,-5.347,0.0598,179.971,4,0
7GnOfVf6VQVHAUfNdHpKcn,205037,42,0.091,0.31,0.665,0.0,0.268,-5.256,0.0347,147.924,4,0
2g9vY91OCirbr91b0fEBfa,291428,47,0.252,0.295,0.713,1.48e-06,0.158,-4.517,0.0559,153.758,4,0
1SFA5zEVOsLhEg7ynbvQFT,224615,64,0.168,0.478,0.769,0.0,0.156,-5.092,0.0448,155.998,4,0
3a4TQLZxDovXEdZGN8McsR,342008,47,0.000473,0.35,0.869,0.00079,0.222,-3.695,0.0773,146.009,4,0
4Y3hmcRgFw88qJnXGzCwkq,195600,46,0.00575,0.504,0.838,0.0,0.0708,-5.128,0.139,100.01,4,0
06lTnA61hL6EWnhVx6B0SL,271058,36,0.00598,0.42,0.891,0.0,0.367,-2.588,0.128,169.996,4,0
4r9qyANhnnv7q2ENG2ggre,252200,42,0.0179,0.308,0.727,0.0,0.417,-4.815,0.0475,150.059,4,0
3Y1LjVuLvMjpgK0Np6osZ9,224531,31,0.00464,0.714,0.762,0.00516,0.18,-8.012,0.042,123.962,4,0
31DvtPtr9azpLID1Kc8cEO,236000,37,0.0268,0.401,0.555,3.57e-05,0.115,-7.731,0.0519,89.468,4,0
4TIkSdsNSfqpuq6ZYvCjAz,238337,61,0.00699,0.53,0.729,0.0,0.103,-6.019,0.0376,139.929,4,0
4n38mzJeXeCPQpXS9hMsGG,211300,50,0.0508,0.489,0.825,0.0883,0.221,-4.179,0.0411,150.027,4,0
6IhHyxeOqS6LKgP2Lawj55,293122,46,0.0794,0.323,0.695,0.0,0.122,-5.507,0.0447,145.738,4,0
0pFG7CCENzDUWQB3l5ZFxl,208000,28,0.064,0.535,0.704,1.26e-05,0.0549,-6.304,0.0621,150.11,4,0
7dUeGRu9gaXSjkjKO4I8F3,218322,43,0.595,0.505,0.73,8.03e-06,0.104,-4.907,0.0539,155.004,4,0
5ZQMiwA8y8BEslhMmtLxLv,225675,50,0.0685,0.499,0.791,1.89e-05,0.138,-3.735,0.0539,99.943,4,0
0XdmzOmGiPoNEfNK4BslVo,233925,36,0.117,0.553,0.756,0.0,0.362,-2.567,0.0486,130.044,4,0
2yg53XBaQDtIk6hYT2VFSD,228705,54,0.0265,0.49,0.828,0.0,0.149,-4.374,0.0379,170.049,4,0
1Tye6LTBg8tGv67jygbg6n,196000,37,0.535,0.442,0.6,0.0,0.127,-5.845,0.0306,150.184,4,0
6KjTXwntv8paBCL3El9TnV,322892,40,0.0416,0.224,0.66,4.17e-05,0.079,-5.631,0.0397,143.016,4,0
2ktaGvlb0uE3tUQXy2oXoo,170000,59,0.00604,0.712,0.798,5.32e-06,0.111,-4.635,0.0392,125.942,4,0
6KddlPfPQ0L8MyffEpo63p,192838,58,0.0129,0.567,0.738,7.27e-05,0.207,-6.03,0.154,121.936,4,0
5k1uIPpsHmnbWFr4nbpdYb,160906,61,0.0426,0.637,0.868,2.12e-05,0.288,-4.921,0.0555,100.048,4,0
5H1tp2k7Ck2KPBE8t4zOO1,178793,51,0.0187,0.721,0.854,0.369,0.252,-6.74,0.0392,124.019,4,0
7opTGnWVJcm1e5mWWOldpg,181851,47,0.587,0.702,0.597,3.62e-06,0.112,-7.067,0.207,85.016,4,0
3mof6Z6vz6gonsuIEQXank,254896,56,0.0579,0.574,0.576,0.00147,0.208,-8.267,0.0446,145.094,4,0
4BrYTZfpZzeNAGbJ7kh2Z0,196748,45,0.323,0.667,0.671,0.0,0.182,-5.656,0.0612,81.504,4,0
2Ttxl0QIwfjFpJ9o8itFCT,203520,32,0.229,0.547,0.579,0.0,0.118,-5.835,0.0306,125.055,4,0
2kSkbeYzbvNU4QnWSKBOah,174193,43,0.145,0.492,0.797,0.0,0.14,-3.92,0.0917,123.734,4,0
2eZa3hJ7ClZ2c9EUq4Ikwz,152058,53,0.0566,0.766,0.872,0.0829,0.0894,-3.853,0.0602,125.01,4,0
20WcuVfTh0QFkIsJUncdON,222857,3,0.053,0.844,0.767,1.53e-05,0.166,-4.851,0.0461,125.989,4,0
3dTmgecC7MCMbteWjf8Ls7,142439,59,0.013,0.715,0.795,2.27e-05,0.0917,-4.619,0.0354,123.001,4,0
7GiozRoMk95aFl1WbrDdjX,143952,59,0.0166,0.818,0.773,7.64e-06,0.377,-5.714,0.0579,122.016,4,0
4j1fFJvUcQxMrLEMBHV9NQ,165491,43,0.121,0.803,0.491,9.69e-06,0.0689,-7.196,0.0821,121.984,4,0
2u4wau7fhAHSCMedjS3VDY,176388,56,0.0699,0.759,0.845,8.65e-05,0.215,-6.794,0.0421,124.0,4,0
68UW3plyDDNg1dkNIZRezJ,175081,60,0.00598,0.743,0.801,2.46e-05,0.178,-4.097,0.0343,121.965,4,0
3bNIlJBpwgwFNnFuSjH6Uh,177545,50,0.189,0.754,0.877,0.0,0.265,-4.544,0.176,122.001,4,0
0LV2sJDzws0khtyPJ6VD0l,233600,33,0.0183,0.482,0.962,0.847,0.632,-2.362,0.0698,150.14,4,0
2OvghkMxxhszSnCszI0RvU,199111,46,0.0543,0.69,0.875,1.2e-05,0.0894,-3.669,0.0791,135.018,4,0
6YB2Ivnj0SlAeJYZ3UsSb7,218655,22,0.365,0.805,0.392,0.0,0.197,-7.272,0.0984,99.951,4,0
6mb6lVLNrcUgLnEN8QnDJd,163386,76,0.649,0.571,0.307,0.0,0.178,-10.958,0.0499,83.72,4,0
3FAc7PMg2FkApOus7yWXag,155142,31,0.00052,0.583,0.903,0.175,0.567,-3.44,0.0656,140.022,4,0
1W3TC8MjoPvrVbNfUxMPJQ,149250,43,0.0076,0.743,0.908,1.55e-05,0.145,-3.46,0.0482,123.991,4,0
0ViTbTkg5TMufutT2sjdEo,219039,37,0.0234,0.458,0.579,4.08e-05,0.1,-5.921,0.0307,95.137,4,0
27OeeYzk6klgBh83TSvGMA,161384,79,0.213,0.662,0.413,0.0,0.134,-7.357,0.0299,93.005,4,0
7lPN2DXiMsVn7XUKtOW1CS,242013,88,0.721,0.585,0.436,1.31e-05,0.105,-8.761,0.0601,143.874,4,0
4Js1cgSrcGiTNCEwUOFhvv,207768,46,0.00863,0.522,0.924,0.542,0.0372,-4.835,0.0459,180.098,4,0
4bmvfx88H75CcEE0mKXD3q,189142,45,0.0407,0.753,0.527,0.0149,0.102,-5.411,0.219,104.997,4,0
0UU98KhDayXXXaP7y9ud7M,218571,31,0.143,0.385,0.651,0.00498,0.0607,-8.361,0.15,84.223,4,0
6kjSIZlRDnYVmu3xkSKhMz,209298,38,0.295,0.626,0.76,0.0,0.0575,-3.352,0.0327,122.984,4,0
00dgIIOGchYpOS7BaYcFu9,174817,48,0.122,0.544,0.47,0.0,0.0604,-8.013,0.307,96.068,4,0
07ImPoPqKNwqucuPEZooBj,287600,51,0.00672,0.383,0.843,0.0,0.176,-6.438,0.0656,149.978,4,0
7pxRBbUWBcVoTWi3MiFl6V,172551,54,0.261,0.641,0.915,0.0,0.219,-3.543,0.0328,144.953,4,0
68atSZYNfc9ar2xugNxZlO,176100,57,0.0118,0.696,0.88,0.000724,0.321,-5.133,0.0989,99.981,4,0
63bWXWGcWnRQvdS8bJWdkB,147401,68,0.0534,0.636,0.822,1.99e-05,0.121,-4.321,0.0507,127.225,4,0
6b3b7lILUJqXcp6w9wNQSm,224813,70,0.0561,0.592,0.8,2.01e-06,0.0775,-4.931,0.215,89.972,4,0
2gKj79uMdS77EodTr2jygu,203586,25,0.922,0.417,0.0815,0.0,0.113,-18.118,0.0404,104.266,3,0
31Q5hg78Llj8UflxQRP3TJ,163764,26,0.0552,0.613,0.686,0.00101,0.0839,-6.796,0.0569,169.939,4,0
3shPY41rwM7O9BGhxNWgE4,226723,44,0.359,0.627,0.562,1.22e-06,0.108,-6.199,0.0265,125.931,4,0
50v0Mz0cnt4FY0LFPi5SGV,143533,47,0.0288,0.764,0.652,0.0229,0.0937,-5.67,0.0549,102.985,4,0
0d2F9wcykuZ1QzDMcI0Mf0,198203,52,0.0363,0.775,0.735,0.131,0.103,-5.585,0.0369,125.025,4,0
035BStxZld3ozI0gvUIPFL,218765,42,0.13,0.615,0.623,0.0,0.0527,-7.067,0.0749,120.119,4,0
46lyJh9GYmWsHez3EsvmAx,182000,72,0.011,0.648,0.927,0.0,0.162,-3.633,0.049,126.037,4,0
6h5PAsRni4IRlxWr6uDPTP,203000,83,0.0275,0.646,0.741,0.0,0.312,-4.973,0.034,123.077,4,0
6LenHYjcBE6qgdMWzaRv6e,250000,32,0.135,0.494,0.713,2.82e-05,0.124,-5.023,0.0345,149.976,4,0
2seLlSLvPF5fhv5WSZ2r0p,177547,26,0.0888,0.628,0.886,0.0,0.0916,-2.436,0.212,125.969,4,0
49PgWU6oGZPHbBv3Q2kwMZ,233357,35,0.162,0.494,0.755,0.0,0.107,-4.236,0.0329,140.019,4,0
0bGH7ezs7WdDwpqnsvGf1z,178369,71,0.331,0.777,0.744,0.0073,0.088,-7.42,0.204,94.019,4,0
3RLshk3cDQOqWhSIRCVaXL,195191,69,0.0036,0.484,0.643,0.0,0.243,-4.72,0.0416,163.97,4,0
4q32qWPFLaYXOuhRlMtIvD,193931,27,0.144,0.868,0.459,1.43e-05,0.0833,-5.763,0.0772,124.989,4,0
3Fv8vBK75IhXgIyFWeoSkP,100334,7,0.00781,0.83,0.634,0.000687,0.0643,-6.031,0.19,157.026,4,0
6xdxUfp8k5leXmzHKcb9nC,279264,3,0.263,0.623,0.287,4.77e-05,0.133,-14.085,0.04,172.155,4,0
6RF6n12NpSthr0IaS401Ih,222591,6,0.109,0.576,0.501,0.0,0.116,-9.514,0.305,97.007,3,0
5YSdh2FgZkYLrhlYOCEa9u,144733,6,0.00889,0.659,0.912,0.228,0.201,-4.868,0.138,139.991,4,0
4jiMKIE0NkhM0og1pGWuWC,229500,12,0.0291,0.466,0.703,0.0134,0.19,-6.464,0.0266,159.959,4,0
1bE9h3xD1lwkXz56TAVoA7,164505,4,0.598,0.724,0.422,0.00138,0.425,-12.448,0.0476,95.953,4,0
2gaUrbTYKpf0iZQ9p9n80d,184629,4,0.459,0.738,0.46,0.000259,0.283,-9.302,0.241,116.988,4,0
1c7fbyfZGF1kt4qfLwGozt,117685,4,0.374,0.542,0.575,0.0,0.149,-12.333,0.0578,139.551,3,0
1A4PTZXoLtqRlN9Z5UG2kr,219474,8,0.601,0.707,0.354,5.47e-05,0.111,-12.071,0.0333,106.131,3,0
4XQlBxx3BHgZi55GaKtsqP,196666,4,0.172,0.722,0.614,0.0,0.114,-8.1,0.0526,144.041,4,0
4szuJrw6lJ2M6lmVcdFFL9,194838,7,0.00413,0.879,0.694,0.0149,0.0695,-5.25,0.0677,81.003,4,0
0U8PhbPsmys3W1i4mcitVY,228112,3,0.181,0.803,0.655,3.51e-06,0.218,-6.188,0.284,143.941,4,0
3hjCUYBBJUCB9nyBNRIVj8,98005,38,0.0144,0.537,0.451,0.0186,0.112,-5.847,0.0782,143.431,4,0
1JNjMKwUd25wVUVhuCAMmJ,231826,2,0.872,0.442,0.164,0.000464,0.0918,-17.353,0.0313,99.772,4,0
4nkXSFKij1GCWxTpkVfHcD,255534,4,0.513,0.463,0.495,0.00101,0.114,-13.11,0.046,81.587,4,0
3GiaIAmL44h3ypC07U4cWu,232000,1,0.666,0.537,0.295,0.0275,0.121,-12.989,0.0316,119.909,4,0
3MKq33IYrvTVOxjtgPJZI3,196162,6,0.251,0.563,0.454,7.43e-05,0.145,-12.818,0.213,180.194,4,0
1hw43ZoKitkFcaJ059UthQ,154838,37,0.00477,0.783,0.818,0.00263,0.132,-4.599,0.0524,124.018,4,0
4BTMXyGcFhAcERulxXQiwe,133565,52,0.333,0.876,0.43,0.00015,0.117,-8.098,0.0603,115.031,4,0
33YrstywpH7Ru54lOqG2Of,92571,2,0.827,0.804,0.325,0.000141,0.11,-8.594,0.0743,104.945,4,0
1t3hLzPZV1BBl9BoQXPHVg,196218,49,0.0364,0.759,0.384,3.43e-05,0.182,-10.291,0.0338,114.993,4,0
6DEd83JNaUqX48it7lr8Tb,187480,24,0.0658,0.595,0.436,0.0,0.0701,-8.759,0.0497,141.917,4,0
0qcwQqL03oPXb1k9A4imyA,148395,2,0.472,0.693,0.358,0.00751,0.155,-13.224,0.318,79.981,4,0
1NkdoERbj6QzO7XUr4RMPk,153335,36,0.13,0.784,0.644,0.0,0.559,-9.003,0.0877,155.07,4,0
3PaVXrqowEElVspUvcu5K1,240065,2,0.289,0.501,0.24,0.0,0.115,-15.664,0.0336,118.039,4,0
0ql8B6DqgMhPKmeTY72v2l,147114,1,0.985,0.525,0.177,0.0109,0.101,-20.43,0.0422,89.937,4,0
5ltFvTz58ErvNV2HB45iZ8,167219,1,0.178,0.648,0.574,0.000301,0.212,-5.61,0.0493,76.439,4,0
0lUc3G4uNX4KOQG9N3Uuwt,231888,2,0.308,0.873,0.649,0.00382,0.0962,-3.788,0.0451,118.032,4,0
1yxjaC8bqy31Cs7BrwCKz0,295440,12,0.0127,0.4,0.728,0.00116,0.251,-6.289,0.0752,133.683,4,0
2DzeiTzoepS5zf0myVGHDo,224000,43,0.127,0.722,0.97,0.000506,0.107,-3.061,0.036,119.976,4,0
7eZRHTc0f8d1nSrQsa6aeg,154514,41,0.214,0.638,0.605,0.00741,0.118,-4.743,0.1,86.975,4,0
3lby9WUYtcnUoM891wk8gx,167995,32,0.198,0.672,0.872,0.0,0.154,-3.192,0.325,170.001,4,0
3bSUZTSturrt2CkcyyWO3a,184444,34,0.0357,0.768,0.642,0.0,0.0866,-6.337,0.31,114.993,4,0
7twV5ThJMPgvKLzND6Z6iy,144286,2,0.398,0.753,0.311,7.69e-05,0.111,-13.141,0.0737,107.015,4,0
2ASxCZrb5FAlDCYSyWq2wk,164505,1,0.598,0.724,0.422,0.00138,0.425,-12.448,0.0476,95.953,4,0
3422VbxcorPuifTm8kvNrM,148395,2,0.472,0.693,0.358,0.00751,0.155,-13.224,0.318,79.981,4,0
1uMuIbJ9nbkDmoEkJWleNL,112300,11,0.0111,0.86,0.471,0.0,0.118,-6.047,0.222,140.074,4,0
3RVFD4mvwC3Ouwvs3kVoT9,133641,5,0.359,0.791,0.67,0.0,0.161,-8.712,0.0536,115.024,4,0
7u0UnKqFPVSwaaKovlsZUw,183034,5,0.118,0.753,0.555,7.42e-06,0.165,-10.269,0.137,79.507,4,0
3r9Cxh3C8aYaph5D8lT4cW,123272,50,0.368,0.53,0.77,3.84e-05,0.184,-3.377,0.173,110.297,4,0
3Gyk1QfuK1318hUsCMttjM,230400,49,6.03e-05,0.41,0.919,0.00724,0.398,-2.89,0.0396,175.015,4,0
1hZk9dktp4yRFTm0TrycuH,214813,64,0.219,0.523,0.782,1.03e-05,0.133,-4.846,0.041,125.998,4,0
6SKkN6yuQFnzMEHMQR3sWw,233400,42,0.00772,0.425,0.742,0.00077,0.112,-5.098,0.0386,127.978,4,0
0CTHeAlrXixC49Z7xKJEmX,232500,34,0.0151,0.484,0.756,0.0,0.315,-5.187,0.0756,127.973,4,0
7DnI3ktF2vcmzKuCCKseQL,178453,71,0.0723,0.535,0.954,0.000819,0.213,-4.347,0.0802,131.93,4,0
5bHbUMtuZIpHtTPdoJmcaN,308053,54,0.00103,0.513,0.903,0.872,0.406,-7.53,0.0414,124.657,4,0
1HEAdiEtqfNwRiWLBflKgn,301838,51,0.000603,0.725,0.806,0.732,0.0574,-7.228,0.0638,131.069,4,0
4WUYv43gJtAAIaeSBml8ow,208482,49,0.318,0.75,0.662,0.382,0.0879,-15.94,0.0753,133.032,4,0
3c659nYaGGayYidMISUo4z,143043,48,0.0265,0.628,0.654,0.000229,0.316,-7.532,0.041,137.934,4,0
1JxBGu7qTwjGdog2CQhY7d,197468,36,0.379,0.691,0.839,0.0,0.104,-4.392,0.146,79.012,4,0
37ouI56S9L2R8ASWeyAMG7,130369,70,0.019,0.583,0.721,0.0,0.0496,-5.122,0.0743,161.983,4,0
10yGK9L3lAjcBh4HniEzfq,148307,46,0.00299,0.533,0.649,0.0,0.0934,-7.246,0.24,181.839,4,0
4XE1StBll9KcNa8nHa3nXG,118436,64,0.18,0.545,0.588,0.0,0.127,-7.313,0.101,86.822,4,0
1dHJETCn2X1R1YwVlMvSza,265026,65,0.106,0.513,0.826,0.0,0.0675,-3.651,0.132,76.91,1,0
2zbZZHD4d7jjci7vNEZFKI,223058,45,0.822,0.349,0.559,0.0,0.113,-8.372,0.0925,74.927,4,0
3zEN0ii6s4DHHBpnTp3RP7,267373,74,0.0801,0.675,0.781,0.0143,0.422,-5.404,0.0306,122.989,4,0
1loLmHjhQopsc1yP075iGF,124827,30,0.672,0.415,0.585,0.558,0.247,-6.139,0.0904,85.881,4,0
5k9BcVWNFpsU35Ojv7LjGQ,139300,41,0.00256,0.721,0.559,5.08e-05,0.223,-8.152,0.0309,91.015,4,0
2FUU8kXhJNndeJWABUVvdx,188256,46,0.559,0.507,0.64,0.0,0.131,-9.544,0.227,117.484,4,0
2ZWIhM4Y1gDlU51bu8e7NI,94643,22,0.621,0.502,0.46,0.031,0.146,-9.943,0.139,155.043,4,0
2cYJkpJHddTlZvouIQxgtP,84375,51,0.865,0.496,0.299,0.947,0.0703,-10.216,0.0283,128.067,4,0
